Episode ,Reward
1,700
2,650
3,900
4,450
5,750
6,700
7,400
8,500
9,650
10,750
11,900
12,300
13,600
14,950
15,750
16,900
17,450
18,650
19,550
20,600
21,900
22,750
23,800
24,450
25,750
26,900
27,850
28,800
29,450
30,750
31,300
32,500
33,900
34,750
35,850
36,550
37,650
38,700
39,950
40,900
41,550
42,850
43,250
44,450
45,900
46,500
47,650
48,700
49,150
50,600
51,900
52,700
53,800
54,800
55,900
56,500
57,750
58,900
59,850
60,650
61,550
62,850
63,750
64,50
65,800
66,850
67,500
68,650
69,700
70,300
71,650
72,400
73,350
74,350
75,900
76,900
77,700
78,650
79,850
80,600
81,850
82,900
83,50
84,200
85,450
86,600
87,500
88,400
89,400
90,900
91,850
92,800
93,800
94,550
95,900
96,600
97,50
98,350
99,900
100,550
101,250
102,800
103,650
104,650
105,450
106,700
107,600
108,900
109,900
110,900
111,800
112,800
113,300
114,850
115,750
116,750
117,750
118,500
119,550
120,650
121,700
122,900
123,850
124,650
125,600
126,900
127,600
128,350
129,600
130,650
131,500
132,700
133,450
134,900
135,750
136,700
137,800
138,350
139,900
140,800
141,800
142,100
143,250
144,650
145,650
146,650
147,950
148,750
149,850
150,800
151,450
152,750
153,750
154,900
155,750
156,300
157,950
158,750
159,800
160,900
161,500
162,800
163,500
164,400
165,600
166,500
167,550
168,800
169,900
170,450
171,900
172,150
173,700
174,500
175,750
176,850
177,850
178,900
179,450
180,650
181,900
182,850
183,350
184,750
185,400
186,400
187,400
188,750
189,700
190,550
191,900
192,900
193,900
194,0
195,900
196,600
197,800
198,400
199,600
200,900
201,750
202,900
203,700
204,750
205,650
206,750
207,900
208,500
209,550
210,750
211,900
212,650
213,850
214,650
215,500
216,450
217,700
218,650
219,650
220,800
221,750
222,900
223,800
224,700
225,650
226,400
227,900
228,750
229,800
230,950
231,900
232,650
233,850
234,300
235,650
236,500
237,350
238,350
239,850
240,550
241,700
242,650
243,900
244,750
245,900
246,550
247,900
248,900
249,750
250,100
251,850
252,750
253,700
254,500
255,500
256,50
257,650
258,450
259,900
260,450
261,800
262,800
263,600
264,650
265,650
266,750
267,900
268,750
269,950
270,700
271,800
272,750
273,900
274,700
275,850
276,900
277,850
278,900
279,150
280,600
281,550
282,650
283,900
284,700
285,750
286,500
287,450
288,500
289,650
290,800
291,650
292,800
293,850
294,600
295,800
296,850
297,750
298,700
299,0
300,300
301,500
302,800
303,300
304,650
305,450
306,600
307,800
308,500
309,800
310,400
311,450
312,700
313,450
314,300
315,800
316,400
317,900
318,450
319,800
320,900
321,450
322,850
323,150
324,350
325,900
326,400
327,500
328,500
329,800
330,900
331,750
332,900
333,450
334,900
335,650
336,800
337,700
338,800
339,800
340,900
341,300
342,900
343,250
344,600
345,500
346,550
347,750
348,300
349,650
350,600
351,900
352,750
353,700
354,850
355,600
356,900
357,650
358,550
359,400
360,250
361,850
362,900
363,850
364,650
365,650
366,750
367,850
368,700
369,700
370,700
371,900
372,900
373,800
374,300
375,800
376,600
377,650
378,900
379,850
380,850
381,750
382,750
383,900
384,500
385,450
386,900
387,550
388,400
389,650
390,650
391,550
392,600
393,750
394,850
395,750
396,650
397,550
398,750
399,750
400,50
401,600
402,950
403,350
404,650
405,800
406,900
407,550
408,550
409,450
410,750
411,700
412,900
413,700
414,550
415,900
416,700
417,600
418,750
419,350
420,450
421,600
422,800
423,900
424,900
425,600
426,750
427,900
428,900
429,900
430,700
431,700
432,400
433,650
434,200
435,650
436,900
437,850
438,650
439,400
440,800
441,700
442,700
443,800
444,550
445,700
446,850
447,650
448,550
449,700
450,150
451,750
452,900
453,150
454,450
455,700
456,400
457,450
458,850
459,550
460,250
461,600
462,500
463,-50
464,450
465,550
466,800
467,700
468,600
469,850
470,650
471,750
472,750
473,-150
474,300
475,950
476,450
477,800
478,900
479,300
480,700
481,600
482,300
483,700
484,700
485,900
486,650
487,950
488,900
489,850
490,800
491,750
492,500
493,550
494,400
495,800
496,650
497,650
498,350
499,550
500,850
501,900
502,500
503,650
504,450
505,600
506,900
507,900
508,650
509,700
510,900
511,500
512,800
513,900
514,350
515,100
516,650
517,700
518,900
519,900
520,700
521,750
522,350
523,850
524,800
525,800
526,650
527,900
528,550
529,900
530,900
531,850
532,900
533,800
534,500
535,450
536,500
537,850
538,700
539,400
540,750
541,600
542,750
543,550
544,750
545,850
546,700
547,550
548,600
549,700
550,350
551,200
552,800
553,550
554,750
555,600
556,500
557,600
558,500
559,900
560,700
561,250
562,900
563,900
564,750
565,700
566,600
567,250
568,800
569,800
570,650
571,700
572,450
573,800
574,400
575,700
576,700
577,550
578,850
579,800
580,150
581,650
582,800
583,650
584,750
585,600
586,400
587,500
588,650
589,450
590,750
591,900
592,800
593,300
594,900
595,800
596,150
597,900
598,800
599,900
600,600
601,550
602,850
603,700
604,600
605,550
606,450
607,850
608,650
609,700
610,650
611,650
612,600
613,600
614,450
615,550
616,700
617,550
618,550
619,400
620,900
621,100
622,550
623,650
624,900
625,850
626,650
627,200
628,650
629,750
630,900
631,650
632,350
633,650
634,250
635,900
636,500
637,0
638,650
639,850
640,800
641,950
642,800
643,750
644,700
645,700
646,550
647,700
648,900
649,600
650,750
651,150
652,900
653,600
654,900
655,900
656,900
657,500
658,800
659,600
660,700
661,450
662,550
663,800
664,250
665,100
666,550
667,600
668,650
669,900
670,450
671,750
672,750
673,750
674,550
675,350
676,850
677,400
678,200
679,900
680,550
681,500
682,700
683,750
684,700
685,900
686,700
687,800
688,600
689,700
690,250
691,950
692,350
693,750
694,150
695,650
696,650
697,650
698,650
699,700
700,800
701,750
702,600
703,700
704,550
705,800
706,450
707,900
708,400
709,650
710,950
711,750
712,850
713,700
714,450
715,900
716,450
717,750
718,400
719,800
720,900
721,700
722,500
723,700
724,550
725,900
726,800
727,900
728,400
729,900
730,450
731,500
732,350
733,750
734,750
735,350
736,550
737,100
738,500
739,700
740,600
741,550
742,850
743,500
744,900
745,450
746,900
747,750
748,800
749,800
750,650
751,450
752,900
753,800
754,650
755,550
756,800
757,900
758,450
759,750
760,850
761,600
762,450
763,300
764,650
765,250
766,500
767,600
768,350
769,900
770,800
771,700
772,800
773,500
774,750
775,800
776,800
777,500
778,550
779,450
780,950
781,500
782,650
783,600
784,350
785,650
786,700
787,800
788,900
789,500
790,500
791,650
792,450
793,850
794,650
795,750
796,600
797,750
798,550
799,550
800,150
801,900
802,800
803,700
804,300
805,500
806,650
807,550
808,650
809,800
810,550
811,900
812,350
813,650
814,900
815,550
816,500
817,600
818,200
819,300
820,350
821,850
822,350
823,800
824,500
825,900
826,900
827,400
828,900
829,900
830,800
831,250
832,700
833,500
834,350
835,800
836,900
837,800
838,800
839,500
840,300
841,-150
842,900
843,650
844,650
845,900
846,50
847,900
848,800
849,400
850,900
851,750
852,900
853,500
854,900
855,900
856,750
857,700
858,700
859,750
860,450
861,750
862,350
863,500
864,250
865,400
866,700
867,500
868,500
869,650
870,300
871,600
872,950
873,950
874,650
875,700
876,800
877,800
878,400
879,650
880,650
881,300
882,500
883,850
884,750
885,400
886,950
887,450
888,750
889,650
890,750
891,550
892,300
893,500
894,500
895,100
896,800
897,600
898,850
899,650
900,900
901,150
902,400
903,750
904,900
905,750
906,400
907,50
908,250
909,900
910,800
911,850
912,800
913,650
914,600
915,750
916,800
917,800
918,500
919,750
920,600
921,450
922,600
923,900
924,900
925,900
926,750
927,200
928,900
929,800
930,850
931,750
932,900
933,800
934,350
935,850
936,800
937,250
938,900
939,700
940,750
941,500
942,650
943,600
944,600
945,700
946,850
947,400
948,300
949,600
950,850
951,700
952,900
953,700
954,900
955,750
956,700
957,600
958,650
959,800
960,450
961,850
962,750
963,900
964,850
965,500
966,800
967,650
968,350
969,500
970,800
971,800
972,700
973,750
974,450
975,300
976,500
977,650
978,700
979,700
980,750
981,400
982,500
983,800
984,550
985,300
986,550
987,500
988,900
989,900
990,550
991,300
992,900
993,700
994,850
995,600
996,700
997,350
998,650
999,650
1000,600
1001,750
1002,850
1003,550
1004,650
1005,550
1006,750
1007,950
1008,900
1009,800
1010,750
1011,550
1012,900
1013,650
1014,600
1015,550
1016,850
1017,650
1018,300
1019,600
1020,450
1021,850
1022,800
1023,800
1024,750
1025,750
1026,900
1027,550
1028,600
1029,400
1030,900
1031,900
1032,400
1033,900
1034,600
1035,400
1036,900
1037,800
1038,750
1039,500
1040,0
1041,650
1042,600
1043,500
1044,800
1045,-100
1046,650
1047,500
1048,900
1049,450
1050,200
1051,950
1052,550
1053,850
1054,250
1055,400
1056,950
1057,750
1058,0
1059,350
1060,650
1061,950
1062,750
1063,950
1064,900
1065,900
1066,900
1067,900
1068,900
1069,800
1070,900
1071,700
1072,850
1073,600
1074,700
1075,800
1076,900
1077,500
1078,500
1079,800
1080,600
1081,750
1082,800
1083,800
1084,900
1085,700
1086,700
1087,650
1088,750
1089,650
1090,400
1091,800
1092,800
1093,550
1094,700
1095,950
1096,450
1097,900
1098,650
1099,100
1100,950
1101,800
1102,750
1103,200
1104,750
1105,900
1106,850
1107,400
1108,750
1109,900
1110,500
1111,700
1112,800
1113,250
1114,550
1115,500
1116,900
1117,800
1118,950
1119,500
1120,850
1121,550
1122,750
1123,350
1124,400
1125,850
1126,800
1127,550
1128,600
1129,750
1130,350
1131,350
1132,750
1133,600
1134,600
1135,500
1136,450
1137,200
1138,900
1139,500
1140,900
1141,450
1142,600
1143,750
1144,750
1145,700
1146,850
1147,450
1148,350
1149,500
1150,900
1151,750
1152,600
1153,700
1154,900
1155,800
1156,700
1157,750
1158,450
1159,900
1160,700
1161,900
1162,850
1163,900
1164,800
1165,550
1166,150
1167,550
1168,600
1169,800
1170,250
1171,650
1172,600
1173,600
1174,700
1175,550
1176,400
1177,900
1178,950
1179,900
1180,900
1181,750
1182,600
1183,900
1184,900
1185,650
1186,650
1187,600
1188,400
1189,800
1190,950
1191,400
1192,900
1193,550
1194,650
1195,900
1196,650
1197,900
1198,200
1199,750
1200,500
1201,650
1202,550
1203,900
1204,500
1205,800
1206,600
1207,600
1208,900
1209,300
1210,650
1211,350
1212,600
1213,700
1214,650
1215,650
1216,750
1217,800
1218,850
1219,900
1220,500
1221,800
1222,700
1223,900
1224,50
1225,600
1226,750
1227,700
1228,700
1229,800
1230,900
1231,950
1232,700
1233,600
1234,750
1235,800
1236,550
1237,550
1238,750
1239,900
1240,650
1241,500
1242,900
1243,800
1244,700
1245,550
1246,350
1247,950
1248,700
1249,350
1250,650
1251,650
1252,400
1253,750
1254,250
1255,800
1256,300
1257,850
1258,900
1259,800
1260,900
1261,650
1262,300
1263,300
1264,800
1265,250
1266,550
1267,650
1268,700
1269,900
1270,700
1271,600
1272,550
1273,900
1274,750
1275,700
1276,650
1277,900
1278,750
1279,950
1280,550
1281,900
1282,750
1283,450
1284,250
1285,800
1286,700
1287,550
1288,750
1289,750
1290,100
1291,400
1292,750
1293,650
1294,850
1295,900
1296,650
1297,650
1298,550
1299,650
1300,900
1301,800
1302,400
1303,550
1304,950
1305,850
1306,700
1307,550
1308,800
1309,-150
1310,700
1311,750
1312,-100
1313,900
1314,450
1315,650
1316,700
1317,600
1318,750
1319,900
1320,300
1321,550
1322,950
1323,900
1324,900
1325,500
1326,500
1327,800
1328,850
1329,750
1330,500
1331,550
1332,850
1333,900
1334,900
1335,650
1336,650
1337,850
1338,900
1339,750
1340,550
1341,750
1342,900
1343,700
1344,650
1345,850
1346,900
1347,350
1348,750
1349,900
1350,800
1351,800
1352,750
1353,750
1354,400
1355,600
1356,900
1357,250
1358,750
1359,650
1360,700
1361,750
1362,850
1363,900
1364,900
1365,750
1366,900
1367,650
1368,850
1369,500
1370,550
1371,450
1372,800
1373,900
1374,450
1375,700
1376,900
1377,150
1378,-100
1379,400
1380,200
1381,900
1382,550
1383,800
1384,650
1385,850
1386,700
1387,700
1388,800
1389,550
1390,500
1391,750
1392,800
1393,600
1394,550
1395,900
1396,750
1397,900
1398,400
1399,350
1400,950
1401,650
1402,650
1403,650
1404,600
1405,900
1406,600
1407,650
1408,700
1409,650
1410,450
1411,550
1412,850
1413,900
1414,550
1415,650
1416,150
1417,150
1418,750
1419,800
1420,250
1421,550
1422,700
1423,600
1424,750
1425,650
1426,700
1427,600
1428,450
1429,800
1430,350
1431,500
1432,700
1433,800
1434,750
1435,650
1436,700
1437,400
1438,500
1439,300
1440,650
1441,600
1442,550
1443,400
1444,750
1445,700
1446,650
1447,500
1448,850
1449,550
1450,500
1451,800
1452,800
1453,650
1454,600
1455,900
1456,650
1457,450
1458,150
1459,750
1460,750
1461,900
1462,750
1463,200
1464,200
1465,400
1466,950
1467,900
1468,750
1469,900
1470,800
1471,300
1472,800
1473,700
1474,500
1475,800
1476,900
1477,650
1478,450
1479,800
1480,750
1481,300
1482,900
1483,600
1484,950
1485,850
1486,750
1487,350
1488,400
1489,850
1490,900
1491,900
1492,550
1493,900
1494,750
1495,950
1496,750
1497,100
1498,600
1499,650
1500,850
1501,600
1502,750
1503,400
1504,350
1505,350
1506,750
1507,850
1508,450
1509,600
1510,750
1511,950
1512,500
1513,800
1514,950
1515,450
1516,800
1517,300
1518,750
1519,650
1520,900
1521,800
1522,500
1523,950
1524,550
1525,900
1526,400
1527,750
1528,900
1529,900
1530,850
1531,700
1532,800
1533,800
1534,700
1535,550
1536,350
1537,900
1538,900
1539,550
1540,900
1541,900
1542,750
1543,900
1544,600
1545,900
1546,250
1547,550
1548,550
1549,900
1550,650
1551,650
1552,300
1553,500
1554,800
1555,500
1556,750
1557,-50
1558,750
1559,950
1560,300
1561,650
1562,800
1563,650
1564,750
1565,850
1566,600
1567,450
1568,400
1569,750
1570,600
1571,350
1572,450
1573,50
1574,600
1575,650
1576,800
1577,850
1578,700
1579,800
1580,550
1581,650
1582,400
1583,900
1584,900
1585,950
1586,900
1587,750
1588,450
1589,800
1590,600
1591,750
1592,800
1593,700
1594,500
1595,850
1596,900
1597,550
1598,500
1599,700
1600,600
1601,650
1602,350
1603,650
1604,800
1605,900
1606,800
1607,800
1608,700
1609,850
1610,850
1611,600
1612,900
1613,650
1614,750
1615,750
1616,450
1617,700
1618,850
1619,650
1620,800
1621,900
1622,800
1623,700
1624,700
1625,500
1626,750
1627,900
1628,750
1629,200
1630,750
1631,450
1632,750
1633,800
1634,650
1635,700
1636,200
1637,800
1638,650
1639,900
1640,900
1641,700
1642,750
1643,900
1644,450
1645,850
1646,900
1647,800
1648,600
1649,750
1650,550
1651,850
1652,850
1653,700
1654,650
1655,350
1656,600
1657,900
1658,850
1659,350
1660,750
1661,800
1662,900
1663,800
1664,900
1665,700
1666,900
1667,650
1668,500
1669,900
1670,350
1671,900
1672,650
1673,400
1674,500
1675,650
1676,850
1677,800
1678,450
1679,600
1680,0
1681,650
1682,400
1683,500
1684,750
1685,150
1686,650
1687,750
1688,600
1689,600
1690,700
1691,650
1692,900
1693,900
1694,750
1695,450
1696,850
1697,600
1698,600
1699,900
1700,200
1701,600
1702,100
1703,700
1704,900
1705,750
1706,900
1707,800
1708,700
1709,900
1710,900
1711,900
1712,900
1713,50
1714,850
1715,750
1716,950
1717,900
1718,750
1719,350
1720,550
1721,700
1722,650
1723,900
1724,700
1725,650
1726,300
1727,700
1728,550
1729,900
1730,850
1731,300
1732,550
1733,900
1734,250
1735,950
1736,900
1737,700
1738,50
1739,900
1740,150
1741,650
1742,300
1743,850
1744,350
1745,150
1746,800
1747,450
1748,450
1749,800
1750,700
1751,800
1752,450
1753,600
1754,750
1755,850
1756,600
1757,750
1758,700
1759,350
1760,450
1761,400
1762,600
1763,750
1764,700
1765,900
1766,400
1767,550
1768,600
1769,600
1770,750
1771,500
1772,950
1773,950
1774,950
1775,500
1776,500
1777,250
1778,500
1779,800
1780,700
1781,650
1782,800
1783,300
1784,900
1785,900
1786,300
1787,750
1788,900
1789,800
1790,950
1791,650
1792,600
1793,750
1794,850
1795,700
1796,250
1797,750
1798,550
1799,400
1800,500
1801,700
1802,900
1803,300
1804,700
1805,750
1806,250
1807,850
1808,900
1809,700
1810,850
1811,400
1812,550
1813,500
1814,900
1815,800
1816,50
1817,650
1818,750
1819,950
1820,500
1821,700
1822,800
1823,900
1824,600
1825,550
1826,750
1827,750
1828,550
1829,650
1830,850
1831,900
1832,550
1833,750
1834,900
1835,650
1836,900
1837,700
1838,750
1839,800
1840,750
1841,600
1842,400
1843,750
1844,900
1845,600
1846,700
1847,400
1848,850
1849,600
1850,350
1851,800
1852,650
1853,850
1854,650
1855,900
1856,500
1857,500
1858,600
1859,400
1860,350
1861,600
1862,800
1863,900
1864,550
1865,750
1866,500
1867,350
1868,900
1869,800
1870,700
1871,900
1872,500
1873,650
1874,400
1875,700
1876,750
1877,700
1878,800
1879,350
1880,900
1881,600
1882,750
1883,300
1884,700
1885,550
1886,900
1887,650
1888,350
1889,600
1890,850
1891,800
1892,650
1893,450
1894,900
1895,900
1896,350
1897,250
1898,750
1899,550
1900,700
1901,750
1902,750
1903,550
1904,700
1905,800
1906,850
1907,750
1908,550
1909,900
1910,550
1911,900
1912,800
1913,850
1914,750
1915,700
1916,0
1917,800
1918,750
1919,750
1920,800
1921,650
1922,500
1923,900
1924,750
1925,400
1926,700
1927,450
1928,550
1929,450
1930,400
1931,550
1932,900
1933,450
1934,700
1935,100
1936,-150
1937,850
1938,750
1939,800
1940,800
1941,400
1942,750
1943,600
1944,800
1945,900
1946,650
1947,900
1948,800
1949,700
1950,650
1951,800
1952,800
1953,800
1954,750
1955,900
1956,550
1957,800
1958,450
1959,950
1960,700
1961,600
1962,900
1963,250
1964,900
1965,400
1966,450
1967,550
1968,800
1969,700
1970,900
1971,550
1972,650
1973,700
1974,500
1975,150
1976,550
1977,900
1978,850
1979,150
1980,900
1981,650
1982,800
1983,900
1984,550
1985,850
1986,850
1987,800
1988,900
1989,850
1990,450
1991,300
1992,900
1993,650
1994,700
1995,550
1996,650
1997,50
1998,550
1999,50
2000,400
2001,800
2002,750
2003,700
2004,700
2005,200
2006,800
2007,300
2008,700
2009,900
2010,600
2011,750
2012,600
2013,800
2014,600
2015,450
2016,900
2017,650
2018,500
2019,900
2020,400
2021,150
2022,650
2023,200
2024,900
2025,200
2026,700
2027,900
2028,900
2029,650
2030,850
2031,850
2032,800
2033,800
2034,200
2035,850
2036,750
2037,550
2038,750
2039,450
2040,800
2041,350
2042,900
2043,900
2044,750
2045,700
2046,750
2047,800
2048,850
2049,650
2050,750
2051,700
2052,700
2053,750
2054,750
2055,400
2056,650
2057,350
2058,750
2059,750
2060,300
2061,550
2062,650
2063,450
2064,500
2065,450
2066,650
2067,800
2068,900
2069,600
2070,800
2071,800
2072,500
2073,750
2074,800
2075,700
2076,950
2077,750
2078,750
2079,450
2080,650
2081,900
2082,950
2083,900
2084,850
2085,900
2086,900
2087,900
2088,800
2089,550
2090,700
2091,750
2092,900
2093,400
2094,800
2095,650
2096,450
2097,850
2098,450
2099,700
2100,900
2101,750
2102,650
2103,550
2104,750
2105,500
2106,250
2107,900
2108,600
2109,450
2110,600
2111,800
2112,650
2113,400
2114,600
2115,200
2116,700
2117,750
2118,650
2119,900
2120,900
2121,500
2122,900
2123,600
2124,750
2125,800
2126,900
2127,800
2128,900
2129,900
2130,950
2131,600
2132,700
2133,950
2134,450
2135,500
2136,200
2137,500
2138,550
2139,750
2140,800
2141,200
2142,800
2143,-50
2144,900
2145,650
2146,600
2147,750
2148,750
2149,550
2150,800
2151,750
2152,700
2153,150
2154,900
2155,450
2156,150
2157,850
2158,950
2159,750
2160,900
2161,250
2162,900
2163,500
2164,900
2165,550
2166,850
2167,650
2168,800
2169,900
2170,800
2171,800
2172,600
2173,900
2174,650
2175,600
2176,700
2177,450
2178,700
2179,650
2180,400
2181,750
2182,750
2183,900
2184,650
2185,900
2186,900
2187,750
2188,900
2189,600
2190,650
2191,850
2192,850
2193,700
2194,450
2195,600
2196,650
2197,600
2198,450
2199,800
2200,650
2201,750
2202,700
2203,950
2204,700
2205,450
2206,800
2207,700
2208,450
2209,900
2210,800
2211,450
2212,350
2213,850
2214,850
2215,950
2216,350
2217,800
2218,900
2219,800
2220,250
2221,550
2222,750
2223,550
2224,550
2225,600
2226,450
2227,500
2228,650
2229,100
2230,900
2231,550
2232,300
2233,400
2234,750
2235,700
2236,650
2237,450
2238,900
2239,700
2240,600
2241,950
2242,150
2243,550
2244,350
2245,900
2246,800
2247,650
2248,800
2249,800
2250,650
2251,900
2252,850
2253,750
2254,250
2255,850
2256,450
2257,650
2258,600
2259,700
2260,300
2261,600
2262,900
2263,700
2264,450
2265,550
2266,850
2267,700
2268,900
2269,300
2270,900
2271,700
2272,900
2273,950
2274,450
2275,600
2276,700
2277,800
2278,950
2279,750
2280,700
2281,750
2282,450
2283,500
2284,800
2285,850
2286,750
2287,650
2288,650
2289,800
2290,850
2291,750
2292,800
2293,750
2294,900
2295,550
2296,400
2297,400
2298,300
2299,250
2300,850
2301,650
2302,800
2303,950
2304,900
2305,850
2306,500
2307,450
2308,350
2309,550
2310,800
2311,800
2312,350
2313,450
2314,600
2315,550
2316,650
2317,900
2318,100
2319,350
2320,800
2321,750
2322,550
2323,750
2324,450
2325,850
2326,350
2327,850
2328,500
2329,900
2330,600
2331,200
2332,350
2333,500
2334,800
2335,700
2336,600
2337,650
2338,750
2339,800
2340,800
2341,750
2342,850
2343,600
2344,600
2345,850
2346,900
2347,800
2348,900
2349,350
2350,550
2351,450
2352,650
2353,450
2354,850
2355,500
2356,600
2357,450
2358,700
2359,600
2360,600
2361,500
2362,900
2363,750
2364,800
2365,750
2366,600
2367,450
2368,750
2369,300
2370,800
2371,400
2372,700
2373,550
2374,700
2375,750
2376,800
2377,650
2378,550
2379,450
2380,550
2381,400
2382,400
2383,800
2384,750
2385,950
2386,800
2387,850
2388,750
2389,650
2390,750
2391,800
2392,850
2393,250
2394,900
2395,300
2396,800
2397,750
2398,500
2399,750
2400,350
2401,450
2402,650
2403,500
2404,650
2405,600
2406,600
2407,950
2408,-100
2409,650
2410,900
2411,250
2412,750
2413,700
2414,750
2415,600
2416,550
2417,100
2418,700
2419,200
2420,650
2421,800
2422,850
2423,700
2424,350
2425,700
2426,900
2427,800
2428,350
2429,250
2430,500
2431,900
2432,250
2433,950
2434,750
2435,600
2436,600
2437,900
2438,700
2439,700
2440,500
2441,750
2442,700
2443,750
2444,900
2445,650
2446,800
2447,950
2448,900
2449,400
2450,750
2451,600
2452,600
2453,800
2454,850
2455,900
2456,950
2457,800
2458,750
2459,650
2460,750
2461,800
2462,200
2463,650
2464,500
2465,800
2466,850
2467,750
2468,250
2469,600
2470,750
2471,750
2472,750
2473,400
2474,900
2475,800
2476,700
2477,600
2478,250
2479,300
2480,650
2481,400
2482,550
2483,900
2484,450
2485,550
2486,0
2487,550
2488,350
2489,100
2490,700
2491,750
2492,250
2493,900
2494,800
2495,750
2496,350
2497,850
2498,800
2499,800
2500,400
2501,900
2502,800
2503,900
2504,200
2505,500
2506,400
2507,900
2508,500
2509,800
2510,150
2511,650
2512,750
2513,350
2514,800
2515,900
2516,900
2517,600
2518,700
2519,700
2520,900
2521,550
2522,700
2523,550
2524,800
2525,500
2526,900
2527,900
2528,900
2529,800
2530,850
2531,750
2532,850
2533,250
2534,950
2535,550
2536,600
2537,850
2538,600
2539,450
2540,750
2541,650
2542,650
2543,650
2544,750
2545,300
2546,900
2547,300
2548,600
2549,800
2550,250
2551,700
2552,-100
2553,300
2554,800
2555,900
2556,650
2557,650
2558,200
2559,700
2560,900
2561,850
2562,900
2563,400
2564,900
2565,650
2566,900
2567,600
2568,850
2569,550
2570,450
2571,650
2572,900
2573,700
2574,500
2575,850
2576,750
2577,750
2578,600
2579,900
2580,700
2581,550
2582,650
2583,900
2584,700
2585,900
2586,700
2587,750
2588,600
2589,700
2590,750
2591,750
2592,300
2593,750
2594,850
2595,900
2596,800
2597,750
2598,450
2599,750
2600,700
2601,500
2602,750
2603,900
2604,300
2605,700
2606,350
2607,750
2608,900
2609,750
2610,750
2611,900
2612,800
2613,850
2614,850
2615,400
2616,900
2617,300
2618,900
2619,550
2620,900
2621,450
2622,850
2623,500
2624,650
2625,750
2626,700
2627,650
2628,850
2629,800
2630,150
2631,850
2632,850
2633,900
2634,900
2635,650
2636,500
2637,350
2638,600
2639,500
2640,400
2641,650
2642,900
2643,100
2644,750
2645,800
2646,900
2647,750
2648,450
2649,800
2650,700
2651,700
2652,900
2653,500
2654,400
2655,650
2656,500
2657,750
2658,600
2659,600
2660,700
2661,500
2662,750
2663,850
2664,350
2665,600
2666,200
2667,250
2668,700
2669,800
2670,650
2671,250
2672,900
2673,800
2674,650
2675,250
2676,650
2677,550
2678,700
2679,750
2680,300
2681,750
2682,800
2683,650
2684,700
2685,950
2686,900
2687,700
2688,750
2689,250
2690,800
2691,550
2692,950
2693,900
2694,400
2695,400
2696,200
2697,700
2698,550
2699,900
2700,700
2701,800
2702,800
2703,350
2704,850
2705,750
2706,800
2707,900
2708,600
2709,100
2710,650
2711,400
2712,200
2713,600
2714,850
2715,900
2716,700
2717,750
2718,400
2719,650
2720,800
2721,300
2722,0
2723,750
2724,900
2725,750
2726,700
2727,400
2728,700
2729,500
2730,900
2731,800
2732,250
2733,550
2734,650
2735,750
2736,250
2737,750
2738,800
2739,800
2740,950
2741,700
2742,750
2743,700
2744,700
2745,700
2746,750
2747,900
2748,500
2749,400
2750,500
2751,250
2752,900
2753,750
2754,850
2755,850
2756,800
2757,700
2758,550
2759,650
2760,850
2761,900
2762,550
2763,750
2764,750
2765,400
2766,850
2767,700
2768,700
2769,400
2770,400
2771,700
2772,50
2773,400
2774,300
2775,50
2776,700
2777,800
2778,350
2779,550
2780,900
2781,900
2782,150
2783,600
2784,800
2785,900
2786,850
2787,500
2788,350
2789,900
2790,750
2791,650
2792,800
2793,600
2794,750
2795,900
2796,550
2797,500
2798,700
2799,900
2800,800
2801,350
2802,800
2803,50
2804,750
2805,800
2806,800
2807,250
2808,600
2809,400
2810,300
2811,700
2812,700
2813,800
2814,200
2815,0
2816,650
2817,800
2818,900
2819,850
2820,450
2821,900
2822,800
2823,950
2824,750
2825,450
2826,700
2827,550
2828,400
2829,800
2830,700
2831,600
2832,900
2833,700
2834,900
2835,600
2836,0
2837,450
2838,800
2839,0
2840,350
2841,550
2842,450
2843,700
2844,700
2845,450
2846,650
2847,400
2848,850
2849,650
2850,300
2851,750
2852,900
2853,800
2854,450
2855,950
2856,750
2857,400
2858,700
2859,800
2860,700
2861,900
2862,250
2863,300
2864,700
2865,750
2866,750
2867,550
2868,600
2869,700
2870,650
2871,550
2872,600
2873,900
2874,500
2875,600
2876,450
2877,650
2878,300
2879,500
2880,900
2881,900
2882,950
2883,950
2884,700
2885,800
2886,900
2887,400
2888,-250
2889,800
2890,250
2891,350
2892,750
2893,800
2894,500
2895,800
2896,450
2897,950
2898,750
2899,550
2900,650
2901,700
2902,250
2903,600
2904,750
2905,500
2906,750
2907,400
2908,100
2909,800
2910,900
2911,700
2912,800
2913,750
2914,850
2915,450
2916,200
2917,750
2918,650
2919,650
2920,650
2921,400
2922,550
2923,800
2924,750
2925,800
2926,300
2927,750
2928,600
2929,650
2930,900
2931,900
2932,450
2933,350
2934,350
2935,600
2936,800
2937,400
2938,800
2939,900
2940,400
2941,700
2942,600
2943,50
2944,700
2945,300
2946,800
2947,600
2948,450
2949,900
2950,650
2951,600
2952,850
2953,750
2954,750
2955,450
2956,800
2957,850
2958,750
2959,900
2960,900
2961,600
2962,900
2963,750
2964,900
2965,650
2966,900
2967,900
2968,600
2969,800
2970,650
2971,500
2972,750
2973,400
2974,900
2975,450
2976,650
2977,650
2978,550
2979,250
2980,650
2981,800
2982,550
2983,900
2984,600
2985,950
2986,700
2987,900
2988,800
2989,900
2990,900
2991,600
2992,800
2993,150
2994,750
2995,900
2996,700
2997,700
2998,900
2999,500
3000,700
3001,800
3002,600
3003,750
3004,700
3005,600
3006,750
3007,600
3008,650
3009,800
3010,250
3011,550
3012,650
3013,800
3014,400
3015,400
3016,600
3017,650
3018,750
3019,650
3020,650
3021,850
3022,650
3023,750
3024,700
3025,750
3026,750
3027,150
3028,950
3029,450
3030,700
3031,400
3032,750
3033,450
3034,800
3035,600
3036,100
3037,350
3038,550
3039,650
3040,800
3041,850
3042,450
3043,350
3044,350
3045,750
3046,700
3047,800
3048,800
3049,900
3050,550
3051,600
3052,100
3053,850
3054,300
3055,600
3056,450
3057,750
3058,300
3059,550
3060,700
3061,450
3062,800
3063,900
3064,200
3065,450
3066,500
3067,750
3068,800
3069,600
3070,750
3071,850
3072,750
3073,200
3074,200
3075,800
3076,750
3077,800
3078,900
3079,950
3080,650
3081,850
3082,850
3083,500
3084,750
3085,800
3086,600
3087,700
3088,400
3089,800
3090,650
3091,900
3092,850
3093,250
3094,800
3095,650
3096,650
3097,750
3098,900
3099,700
3100,400
3101,550
3102,250
3103,250
3104,800
3105,800
3106,750
3107,900
3108,900
3109,750
3110,650
3111,450
3112,500
3113,550
3114,850
3115,900
3116,-150
3117,900
3118,650
3119,900
3120,400
3121,500
3122,100
3123,850
3124,800
3125,550
3126,450
3127,550
3128,500
3129,900
3130,650
3131,450
3132,800
3133,350
3134,700
3135,600
3136,500
3137,250
3138,450
3139,800
3140,650
3141,900
3142,600
3143,600
3144,950
3145,950
3146,900
3147,500
3148,150
3149,300
3150,650
3151,650
3152,500
3153,200
3154,750
3155,900
3156,750
3157,900
3158,650
3159,300
3160,700
3161,800
3162,900
3163,700
3164,50
3165,650
3166,600
3167,700
3168,550
3169,600
3170,600
3171,600
3172,850
3173,350
3174,900
3175,900
3176,700
3177,900
3178,850
3179,500
3180,750
3181,850
3182,0
3183,950
3184,300
3185,600
3186,700
3187,800
3188,550
3189,900
3190,800
3191,950
3192,550
3193,900
3194,600
3195,350
3196,900
3197,800
3198,50
3199,700
3200,550
3201,650
3202,950
3203,500
3204,600
3205,450
3206,700
3207,450
3208,550
3209,600
3210,750
3211,0
3212,750
3213,650
3214,550
3215,750
3216,800
3217,800
3218,250
3219,900
3220,900
3221,750
3222,450
3223,750
3224,300
3225,400
3226,600
3227,150
3228,950
3229,550
3230,550
3231,900
3232,650
3233,900
3234,600
3235,850
3236,650
3237,550
3238,550
3239,-50
3240,900
3241,900
3242,650
3243,450
3244,650
3245,600
3246,450
3247,500
3248,650
3249,550
3250,850
3251,750
3252,150
3253,900
3254,600
3255,750
3256,900
3257,800
3258,600
3259,750
3260,750
3261,950
3262,450
3263,900
3264,700
3265,800
3266,350
3267,500
3268,850
3269,300
3270,450
3271,750
3272,900
3273,800
3274,650
3275,900
3276,650
3277,750
3278,750
3279,650
3280,900
3281,900
3282,650
3283,750
3284,900
3285,300
3286,700
3287,750
3288,700
3289,550
3290,900
3291,650
3292,300
3293,250
3294,200
3295,600
3296,850
3297,900
3298,200
3299,700
3300,300
3301,700
3302,400
3303,750
3304,350
3305,750
3306,850
3307,800
3308,750
3309,350
3310,650
3311,650
3312,100
3313,900
3314,800
3315,600
3316,850
3317,700
3318,900
3319,200
3320,550
3321,350
3322,800
3323,800
3324,550
3325,550
3326,600
3327,950
3328,950
3329,550
3330,200
3331,550
3332,900
3333,700
3334,350
3335,600
3336,850
3337,250
3338,550
3339,650
3340,750
3341,850
3342,650
3343,700
3344,600
3345,800
3346,700
3347,750
3348,650
3349,700
3350,750
3351,750
3352,650
3353,700
3354,400
3355,200
3356,700
3357,600
3358,700
3359,300
3360,900
3361,700
3362,650
3363,550
3364,850
3365,850
3366,250
3367,500
3368,900
3369,800
3370,900
3371,800
3372,450
3373,650
3374,750
3375,800
3376,900
3377,750
3378,900
3379,900
3380,550
3381,650
3382,600
3383,450
3384,600
3385,900
3386,800
3387,650
3388,550
3389,350
3390,700
3391,650
3392,750
3393,750
3394,900
3395,350
3396,450
3397,900
3398,700
3399,350
3400,550
3401,700
3402,550
3403,900
3404,550
3405,750
3406,750
3407,950
3408,700
3409,850
3410,250
3411,900
3412,950
3413,300
3414,900
3415,750
3416,450
3417,900
3418,0
3419,550
3420,900
3421,650
3422,900
3423,600
3424,100
3425,650
3426,900
3427,450
3428,900
3429,300
3430,200
3431,600
3432,200
3433,900
3434,900
3435,850
3436,600
3437,850
3438,900
3439,800
3440,750
3441,800
3442,900
3443,700
3444,350
3445,900
3446,400
3447,550
3448,550
3449,100
3450,450
3451,650
3452,500
3453,800
3454,850
3455,900
3456,950
3457,700
3458,400
3459,650
3460,550
3461,650
3462,550
3463,550
3464,800
3465,100
3466,400
3467,900
3468,750
3469,150
3470,900
3471,300
3472,750
3473,600
3474,800
3475,600
3476,650
3477,700
3478,350
3479,900
3480,950
3481,800
3482,650
3483,700
3484,900
3485,500
3486,650
3487,800
3488,900
3489,550
3490,650
3491,600
3492,550
3493,650
3494,900
3495,800
3496,850
3497,850
3498,750
3499,900
3500,600
3501,550
3502,100
3503,550
3504,350
3505,700
3506,350
3507,750
3508,600
3509,750
3510,500
3511,650
3512,100
3513,200
3514,850
3515,650
3516,850
3517,800
3518,250
3519,550
3520,500
3521,800
3522,750
3523,600
3524,700
3525,400
3526,700
3527,750
3528,700
3529,750
3530,700
3531,750
3532,150
3533,200
3534,800
3535,900
3536,350
3537,800
3538,200
3539,700
3540,650
3541,300
3542,650
3543,650
3544,200
3545,450
3546,800
3547,450
3548,850
3549,600
3550,450
3551,700
3552,650
3553,600
3554,550
3555,850
3556,600
3557,250
3558,850
3559,600
3560,650
3561,650
3562,650
3563,600
3564,700
3565,550
3566,550
3567,700
3568,550
3569,900
3570,750
3571,600
3572,900
3573,850
3574,500
3575,350
3576,700
3577,950
3578,350
3579,900
3580,300
3581,700
3582,900
3583,200
3584,900
3585,700
3586,500
3587,800
3588,600
3589,600
3590,850
3591,650
3592,550
3593,550
3594,850
3595,900
3596,900
3597,550
3598,700
3599,900
3600,250
3601,650
3602,900
3603,900
3604,500
3605,650
3606,750
3607,850
3608,400
3609,550
3610,650
3611,700
3612,200
3613,500
3614,400
3615,750
3616,900
3617,400
3618,600
3619,900
3620,600
3621,650
3622,700
3623,500
3624,600
3625,400
3626,900
3627,150
3628,750
3629,850
3630,800
3631,400
3632,400
3633,650
3634,900
3635,300
3636,550
3637,0
3638,800
3639,200
3640,950
3641,450
3642,700
3643,700
3644,550
3645,-150
3646,50
3647,350
3648,850
3649,400
3650,500
3651,900
3652,900
3653,800
3654,200
3655,500
3656,750
3657,850
3658,550
3659,400
3660,700
3661,850
3662,800
3663,750
3664,800
3665,800
3666,600
3667,550
3668,750
3669,750
3670,900
3671,750
3672,900
3673,850
3674,900
3675,700
3676,700
3677,750
3678,900
3679,650
3680,900
3681,900
3682,400
3683,400
3684,800
3685,800
3686,400
3687,650
3688,700
3689,50
3690,850
3691,500
3692,550
3693,450
3694,500
3695,450
3696,900
3697,500
3698,0
3699,850
3700,800
3701,850
3702,500
3703,750
3704,500
3705,700
3706,750
3707,650
3708,550
3709,900
3710,650
3711,400
3712,450
3713,900
3714,250
3715,800
3716,900
3717,550
3718,900
3719,900
3720,350
3721,700
3722,400
3723,850
3724,750
3725,900
3726,750
3727,400
3728,400
3729,700
3730,400
3731,650
3732,450
3733,550
3734,650
3735,350
3736,900
3737,900
3738,650
3739,800
3740,200
3741,900
3742,550
3743,400
3744,650
3745,700
3746,850
3747,500
3748,700
3749,450
3750,400
3751,900
3752,900
3753,650
3754,750
3755,50
3756,900
3757,650
3758,100
3759,700
3760,700
3761,900
3762,150
3763,150
3764,950
3765,100
3766,900
3767,400
3768,600
3769,750
3770,750
3771,900
3772,650
3773,800
3774,900
3775,700
3776,300
3777,800
3778,100
3779,250
3780,550
3781,700
3782,800
3783,900
3784,900
3785,800
3786,800
3787,900
3788,650
3789,900
3790,850
3791,350
3792,600
3793,650
3794,750
3795,550
3796,750
3797,850
3798,550
3799,900
3800,950
3801,900
3802,900
3803,600
3804,750
3805,600
3806,0
3807,350
3808,950
3809,650
3810,900
3811,850
3812,800
3813,550
3814,450
3815,800
3816,750
3817,850
3818,750
3819,900
3820,650
3821,950
3822,550
3823,250
3824,700
3825,500
3826,600
3827,600
3828,900
3829,550
3830,500
3831,350
3832,800
3833,900
3834,700
3835,250
3836,900
3837,-200
3838,900
3839,850
3840,900
3841,750
3842,600
3843,300
3844,900
3845,900
3846,900
3847,550
3848,750
3849,650
3850,900
3851,950
3852,650
3853,500
3854,450
3855,900
3856,400
3857,600
3858,800
3859,300
3860,650
3861,850
3862,400
3863,850
3864,900
3865,900
3866,800
3867,850
3868,750
3869,250
3870,600
3871,400
3872,500
3873,400
3874,800
3875,800
3876,700
3877,500
3878,200
3879,750
3880,850
3881,700
3882,800
3883,100
3884,700
3885,800
3886,600
3887,500
3888,750
3889,650
3890,750
3891,250
3892,550
3893,450
3894,800
3895,500
3896,700
3897,950
3898,800
3899,900
3900,350
3901,950
3902,500
3903,700
3904,400
3905,750
3906,350
3907,250
3908,700
3909,750
3910,350
3911,250
3912,700
3913,300
3914,800
3915,900
3916,900
3917,450
3918,650
3919,300
3920,450
3921,850
3922,750
3923,700
3924,550
3925,700
3926,650
3927,850
3928,100
3929,750
3930,900
3931,700
3932,900
3933,400
3934,400
3935,500
3936,800
3937,900
3938,650
3939,450
3940,750
3941,900
3942,900
3943,900
3944,650
3945,800
3946,350
3947,250
3948,550
3949,900
3950,300
3951,650
3952,550
3953,-50
3954,750
3955,800
3956,900
3957,700
3958,400
3959,650
3960,250
3961,600
3962,800
3963,600
3964,250
3965,800
3966,900
3967,350
3968,600
3969,750
3970,900
3971,400
3972,700
3973,600
3974,200
3975,700
3976,750
3977,350
3978,750
3979,450
3980,650
3981,700
3982,900
3983,450
3984,400
3985,700
3986,450
3987,850
3988,700
3989,800
3990,200
3991,750
3992,900
3993,600
3994,650
3995,800
3996,650
3997,550
3998,800
3999,700
4000,750
4001,700
4002,50
4003,900
4004,350
4005,450
4006,550
4007,500
4008,900
4009,550
4010,900
4011,900
4012,650
4013,550
4014,600
4015,150
4016,900
4017,600
4018,250
4019,800
4020,650
4021,400
4022,900
4023,500
4024,600
4025,700
4026,250
4027,650
4028,950
4029,650
4030,800
4031,650
4032,900
4033,950
4034,700
4035,800
4036,700
4037,700
4038,900
4039,550
4040,650
4041,350
4042,850
4043,850
4044,550
4045,900
4046,600
4047,750
4048,50
4049,700
4050,650
4051,800
4052,650
4053,700
4054,550
4055,900
4056,900
4057,750
4058,300
4059,650
4060,800
4061,150
4062,650
4063,600
4064,650
4065,550
4066,750
4067,800
4068,750
4069,800
4070,600
4071,900
4072,900
4073,750
4074,750
4075,700
4076,700
4077,800
4078,900
4079,950
4080,200
4081,650
4082,650
4083,750
4084,900
4085,400
4086,750
4087,800
4088,900
4089,800
4090,750
4091,100
4092,450
4093,750
4094,650
4095,600
4096,550
4097,700
4098,700
4099,350
4100,850
4101,500
4102,850
4103,500
4104,900
4105,600
4106,750
4107,550
4108,550
4109,750
4110,900
4111,500
4112,250
4113,700
4114,750
4115,500
4116,800
4117,700
4118,700
4119,450
4120,750
4121,550
4122,650
4123,800
4124,500
4125,800
4126,700
4127,200
4128,500
4129,650
4130,900
4131,850
4132,850
4133,750
4134,700
4135,850
4136,700
4137,150
4138,800
4139,750
4140,250
4141,-250
4142,300
4143,550
4144,950
4145,400
4146,400
4147,900
4148,900
4149,250
4150,750
4151,750
4152,600
4153,900
4154,500
4155,600
4156,750
4157,800
4158,550
4159,800
4160,950
4161,900
4162,750
4163,0
4164,550
4165,450
4166,-50
4167,800
4168,700
4169,200
4170,750
4171,800
4172,550
4173,700
4174,900
4175,550
4176,800
4177,800
4178,550
4179,900
4180,750
4181,750
4182,750
4183,750
4184,650
4185,750
4186,400
4187,700
4188,900
4189,750
4190,950
4191,800
4192,600
4193,750
4194,450
4195,950
4196,900
4197,600
4198,700
4199,550
4200,400
4201,900
4202,750
4203,700
4204,550
4205,900
4206,700
4207,400
4208,750
4209,650
4210,800
4211,750
4212,500
4213,900
4214,100
4215,850
4216,600
4217,600
4218,900
4219,650
4220,900
4221,900
4222,900
4223,600
4224,800
4225,600
4226,650
4227,900
4228,800
4229,600
4230,350
4231,550
4232,150
4233,650
4234,650
4235,900
4236,450
4237,900
4238,800
4239,750
4240,500
4241,700
4242,600
4243,350
4244,700
4245,150
4246,750
4247,700
4248,550
4249,800
4250,800
4251,750
4252,950
4253,500
4254,550
4255,600
4256,450
4257,550
4258,450
4259,950
4260,450
4261,800
4262,350
4263,600
4264,850
4265,750
4266,600
4267,900
4268,700
4269,900
4270,750
4271,600
4272,250
4273,-100
4274,950
4275,700
4276,600
4277,850
4278,750
4279,700
4280,450
4281,750
4282,650
4283,750
4284,900
4285,700
4286,400
4287,900
4288,950
4289,800
4290,850
4291,850
4292,800
4293,850
4294,900
4295,450
4296,900
4297,900
4298,750
4299,600
4300,500
4301,550
4302,350
4303,950
4304,650
4305,800
4306,700
4307,900
4308,500
4309,900
4310,-50
4311,850
4312,800
4313,550
4314,600
4315,700
4316,650
4317,900
4318,900
4319,750
4320,550
4321,600
4322,800
4323,450
4324,350
4325,700
4326,750
4327,650
4328,400
4329,900
4330,750
4331,650
4332,600
4333,800
4334,400
4335,450
4336,200
4337,950
4338,750
4339,750
4340,600
4341,750
4342,500
4343,550
4344,200
4345,750
4346,400
4347,650
4348,400
4349,750
4350,600
4351,600
4352,800
4353,750
4354,700
4355,700
4356,650
4357,550
4358,550
4359,550
4360,600
4361,650
4362,900
4363,250
4364,750
4365,500
4366,700
4367,450
4368,550
4369,750
4370,800
4371,750
4372,800
4373,700
4374,700
4375,550
4376,700
4377,900
4378,650
4379,750
4380,850
4381,950
4382,900
4383,650
4384,600
4385,400
4386,850
4387,450
4388,700
4389,800
4390,850
4391,150
4392,700
4393,800
4394,900
4395,750
4396,750
4397,600
4398,150
4399,750
4400,800
4401,550
4402,900
4403,300
4404,750
4405,750
4406,650
4407,700
4408,800
4409,350
4410,750
4411,550
4412,650
4413,500
4414,500
4415,850
4416,700
4417,500
4418,500
4419,350
4420,650
4421,800
4422,300
4423,650
4424,750
4425,150
4426,550
4427,900
4428,300
4429,550
4430,100
4431,700
4432,650
4433,450
4434,650
4435,950
4436,850
4437,850
4438,300
4439,700
4440,550
4441,850
4442,700
4443,550
4444,850
4445,0
4446,400
4447,600
4448,800
4449,700
4450,750
4451,800
4452,700
4453,550
4454,600
4455,750
4456,850
4457,650
4458,850
4459,350
4460,950
4461,900
4462,450
4463,500
4464,500
4465,700
4466,500
4467,900
4468,550
4469,700
4470,600
4471,650
4472,750
4473,900
4474,350
4475,200
4476,800
4477,400
4478,500
4479,750
4480,850
4481,800
4482,600
4483,900
4484,900
4485,600
4486,550
4487,400
4488,900
4489,650
4490,500
4491,700
4492,700
4493,800
4494,400
4495,650
4496,100
4497,550
4498,800
4499,800
4500,750
4501,750
4502,800
4503,500
4504,750
4505,800
4506,450
4507,150
4508,-50
4509,650
4510,500
4511,850
4512,850
4513,500
4514,350
4515,650
4516,550
4517,450
4518,950
4519,650
4520,900
4521,800
4522,800
4523,850
4524,900
4525,200
4526,750
4527,650
4528,850
4529,550
4530,450
4531,800
4532,800
4533,600
4534,850
4535,550
4536,500
4537,450
4538,300
4539,400
4540,650
4541,450
4542,900
4543,400
4544,600
4545,650
4546,900
4547,650
4548,650
4549,850
4550,700
4551,500
4552,950
4553,900
4554,500
4555,150
4556,750
4557,900
4558,650
4559,750
4560,550
4561,500
4562,800
4563,900
4564,900
4565,600
4566,550
4567,950
4568,950
4569,750
4570,800
4571,750
4572,850
4573,900
4574,500
4575,800
4576,600
4577,700
4578,300
4579,750
4580,700
4581,750
4582,700
4583,650
4584,750
4585,600
4586,850
4587,300
4588,450
4589,650
4590,600
4591,550
4592,900
4593,650
4594,450
4595,800
4596,800
4597,850
4598,550
4599,650
4600,850
4601,750
4602,850
4603,800
4604,200
4605,650
4606,900
4607,500
4608,750
4609,600
4610,650
4611,550
4612,0
4613,850
4614,750
4615,900
4616,500
4617,400
4618,900
4619,550
4620,450
4621,400
4622,550
4623,750
4624,800
4625,750
4626,950
4627,750
4628,850
4629,950
4630,600
4631,700
4632,800
4633,550
4634,550
4635,200
4636,850
4637,700
4638,150
4639,700
4640,750
4641,750
4642,600
4643,900
4644,750
4645,0
4646,800
4647,400
4648,650
4649,700
4650,550
4651,50
4652,900
4653,900
4654,800
4655,450
4656,900
4657,900
4658,600
4659,-100
4660,800
4661,550
4662,650
4663,700
4664,900
4665,250
4666,700
4667,700
4668,950
4669,950
4670,800
4671,900
4672,450
4673,350
4674,0
4675,900
4676,-50
4677,550
4678,450
4679,700
4680,650
4681,800
4682,600
4683,500
4684,700
4685,600
4686,650
4687,750
4688,550
4689,650
4690,800
4691,650
4692,900
4693,450
4694,600
4695,300
4696,500
4697,450
4698,650
4699,500
4700,400
4701,900
4702,650
4703,750
4704,600
4705,650
4706,800
4707,900
4708,500
4709,650
4710,400
4711,450
4712,750
4713,900
4714,200
4715,750
4716,850
4717,850
4718,800
4719,900
4720,700
4721,800
4722,700
4723,700
4724,900
4725,150
4726,550
4727,200
4728,600
4729,550
4730,350
4731,450
4732,650
4733,900
4734,800
4735,700
4736,800
4737,700
4738,750
4739,950
4740,450
4741,650
4742,900
4743,900
4744,650
4745,650
4746,700
4747,900
4748,700
4749,900
4750,650
4751,750
4752,200
4753,750
4754,350
4755,450
4756,350
4757,900
4758,800
4759,700
4760,500
4761,750
4762,850
4763,600
4764,800
4765,550
4766,750
4767,-250
4768,650
4769,450
4770,600
4771,600
4772,650
4773,550
4774,700
4775,550
4776,750
4777,300
4778,600
4779,900
4780,700
4781,650
4782,200
4783,150
4784,900
4785,400
4786,750
4787,0
4788,650
4789,600
4790,900
4791,500
4792,650
4793,900
4794,450
4795,900
4796,550
4797,250
4798,900
4799,950
4800,850
4801,550
4802,700
4803,700
4804,650
4805,750
4806,500
4807,350
4808,700
4809,600
4810,900
4811,500
4812,850
4813,650
4814,850
4815,950
4816,700
4817,550
4818,500
4819,600
4820,800
4821,550
4822,150
4823,800
4824,800
4825,100
4826,300
4827,800
4828,750
4829,700
4830,650
4831,550
4832,650
4833,600
4834,700
4835,550
4836,650
4837,350
4838,750
4839,900
4840,750
4841,900
4842,550
4843,450
4844,400
4845,850
4846,550
4847,350
4848,850
4849,900
4850,50
4851,700
4852,0
4853,700
4854,550
4855,900
4856,900
4857,100
4858,900
4859,250
4860,900
4861,750
4862,750
4863,900
4864,350
4865,900
4866,600
4867,700
4868,750
4869,700
4870,450
4871,900
4872,550
4873,800
4874,650
4875,700
4876,750
4877,800
4878,650
4879,350
4880,300
4881,600
4882,250
4883,450
4884,-50
4885,750
4886,650
4887,750
4888,150
4889,650
4890,150
4891,-50
4892,850
4893,750
4894,450
4895,900
4896,600
4897,250
4898,500
4899,600
4900,500
4901,750
4902,550
4903,550
4904,500
4905,750
4906,650
4907,600
4908,700
4909,700
4910,900
4911,650
4912,850
4913,550
4914,900
4915,750
4916,250
4917,800
4918,750
4919,750
4920,600
4921,500
4922,600
4923,600
4924,600
4925,850
4926,950
4927,700
4928,900
4929,800
4930,200
4931,700
4932,750
4933,350
4934,750
4935,900
4936,750
4937,800
4938,800
4939,500
4940,200
4941,900
4942,800
4943,850
4944,900
4945,950
4946,700
4947,600
4948,0
4949,550
4950,750
4951,500
4952,200
4953,850
4954,900
4955,900
4956,800
4957,750
4958,850
4959,600
4960,850
4961,400
4962,750
4963,650
4964,700
4965,300
4966,900
4967,600
4968,950
4969,700
4970,850
4971,300
4972,100
4973,350
4974,700
4975,750
4976,900
4977,300
4978,800
4979,650
4980,500
4981,800
4982,700
4983,300
4984,600
4985,300
4986,900
4987,300
4988,900
4989,900
4990,800
4991,850
4992,300
4993,250
4994,500
4995,550
4996,450
4997,500
4998,500
4999,550
5000,900
5001,850
5002,550
5003,650
5004,700
5005,650
5006,750
5007,700
5008,700
5009,900
5010,950
5011,700
5012,800
5013,950
5014,400
5015,500
5016,250
5017,250
5018,900
5019,850
5020,600
5021,450
5022,300
5023,550
5024,900
5025,400
5026,950
5027,650
5028,800
5029,50
5030,600
5031,800
5032,700
5033,700
5034,850
5035,900
5036,700
5037,600
5038,550
5039,450
5040,650
5041,700
5042,750
5043,550
5044,350
5045,650
5046,500
5047,900
5048,800
5049,900
5050,850
5051,0
5052,800
5053,550
5054,450
5055,800
5056,200
5057,350
5058,500
5059,800
5060,750
5061,900
5062,800
5063,600
5064,550
5065,900
5066,900
5067,900
5068,250
5069,900
5070,750
5071,300
5072,650
5073,600
5074,900
5075,700
5076,200
5077,200
5078,650
5079,0
5080,750
5081,650
5082,850
5083,350
5084,800
5085,650
5086,350
5087,750
5088,-100
5089,800
5090,550
5091,850
5092,950
5093,900
5094,650
5095,750
5096,750
5097,900
5098,400
5099,800
5100,200
5101,450
5102,850
5103,400
5104,550
5105,600
5106,500
5107,700
5108,900
5109,750
5110,800
5111,900
5112,700
5113,900
5114,200
5115,550
5116,650
5117,900
5118,950
5119,800
5120,150
5121,750
5122,-100
5123,750
5124,650
5125,800
5126,650
5127,450
5128,900
5129,900
5130,850
5131,900
5132,950
5133,500
5134,600
5135,700
5136,650
5137,850
5138,850
5139,550
5140,700
5141,800
5142,300
5143,200
5144,800
5145,700
5146,650
5147,600
5148,650
5149,650
5150,750
5151,800
5152,700
5153,800
5154,650
5155,800
5156,900
5157,600
5158,650
5159,700
5160,750
5161,750
5162,400
5163,850
5164,800
5165,250
5166,800
5167,150
5168,700
5169,500
5170,350
5171,800
5172,850
5173,700
5174,450
5175,600
5176,450
5177,700
5178,500
5179,450
5180,950
5181,500
5182,700
5183,950
5184,650
5185,350
5186,750
5187,750
5188,800
5189,800
5190,950
5191,800
5192,450
5193,700
5194,550
5195,750
5196,900
5197,900
5198,850
5199,650
5200,850
5201,950
5202,0
5203,800
5204,900
5205,750
5206,700
5207,800
5208,900
5209,800
5210,700
5211,400
5212,900
5213,900
5214,700
5215,900
5216,550
5217,850
5218,800
5219,750
5220,850
5221,700
5222,750
5223,950
5224,300
5225,750
5226,800
5227,650
5228,550
5229,600
5230,650
5231,250
5232,100
5233,750
5234,800
5235,850
5236,850
5237,700
5238,650
5239,800
5240,750
5241,300
5242,600
5243,450
5244,700
5245,700
5246,800
5247,600
5248,800
5249,950
5250,200
5251,600
5252,750
5253,400
5254,900
5255,700
5256,750
5257,750
5258,700
5259,700
5260,550
5261,750
5262,700
5263,550
5264,500
5265,950
5266,250
5267,550
5268,650
5269,-200
5270,550
5271,900
5272,450
5273,550
5274,500
5275,900
5276,750
5277,950
5278,550
5279,800
5280,350
5281,650
5282,150
5283,400
5284,450
5285,850
5286,650
5287,600
5288,550
5289,550
5290,700
5291,700
5292,750
5293,900
5294,750
5295,900
5296,700
5297,600
5298,400
5299,750
5300,700
5301,700
5302,-50
5303,700
5304,350
5305,750
5306,200
5307,900
5308,800
5309,350
5310,500
5311,650
5312,300
5313,550
5314,900
5315,800
5316,700
5317,850
5318,750
5319,900
5320,900
5321,900
5322,750
5323,650
5324,900
5325,450
5326,200
5327,500
5328,900
5329,700
5330,750
5331,400
5332,900
5333,700
5334,900
5335,750
5336,800
5337,750
5338,650
5339,900
5340,900
5341,450
5342,700
5343,650
5344,300
5345,500
5346,350
5347,900
5348,400
5349,600
5350,700
5351,450
5352,550
5353,600
5354,850
5355,650
5356,950
5357,900
5358,200
5359,150
5360,350
5361,550
5362,550
5363,800
5364,950
5365,600
5366,600
5367,850
5368,900
5369,900
5370,800
5371,350
5372,350
5373,700
5374,450
5375,650
5376,700
5377,600
5378,800
5379,200
5380,800
5381,850
5382,700
5383,650
5384,400
5385,400
5386,150
5387,550
5388,900
5389,850
5390,450
5391,700
5392,850
5393,250
5394,750
5395,250
5396,600
5397,550
5398,550
5399,800
5400,600
5401,650
5402,650
5403,350
5404,800
5405,800
5406,900
5407,900
5408,600
5409,650
5410,200
5411,950
5412,900
5413,650
5414,500
5415,500
5416,500
5417,800
5418,900
5419,550
5420,450
5421,900
5422,600
5423,650
5424,350
5425,850
5426,750
5427,500
5428,600
5429,650
5430,750
5431,650
5432,600
5433,750
5434,950
5435,900
5436,900
5437,750
5438,800
5439,900
5440,750
5441,550
5442,800
5443,900
5444,750
5445,900
5446,650
5447,900
5448,250
5449,550
5450,900
5451,400
5452,900
5453,800
5454,500
5455,550
5456,600
5457,650
5458,650
5459,-100
5460,850
5461,450
5462,800
5463,450
5464,900
5465,700
5466,350
5467,550
5468,500
5469,350
5470,-150
5471,950
5472,550
5473,400
5474,650
5475,100
5476,0
5477,500
5478,650
5479,900
5480,700
5481,850
5482,600
5483,600
5484,850
5485,550
5486,850
5487,750
5488,750
5489,700
5490,700
5491,600
5492,550
5493,800
5494,650
5495,700
5496,400
5497,600
5498,850
5499,500
5500,900
5501,900
5502,350
5503,900
5504,600
5505,750
5506,200
5507,800
5508,900
5509,350
5510,750
5511,900
5512,800
5513,700
5514,550
5515,800
5516,500
5517,900
5518,750
5519,800
5520,550
5521,650
5522,650
5523,550
5524,750
5525,950
5526,650
5527,600
5528,550
5529,900
5530,450
5531,850
5532,550
5533,600
5534,650
5535,550
5536,500
5537,650
5538,150
5539,600
5540,650
5541,650
5542,650
5543,550
5544,900
5545,650
5546,600
5547,500
5548,700
5549,850
5550,700
5551,250
5552,550
5553,650
5554,800
5555,550
5556,800
5557,650
5558,750
5559,550
5560,700
5561,650
5562,900
5563,750
5564,800
5565,900
5566,700
5567,400
5568,850
5569,750
5570,600
5571,700
5572,750
5573,900
5574,250
5575,750
5576,900
5577,800
5578,900
5579,800
5580,450
5581,450
5582,700
5583,750
5584,900
5585,650
5586,800
5587,150
5588,500
5589,400
5590,500
5591,750
5592,900
5593,750
5594,900
5595,800
5596,750
5597,800
5598,200
5599,900
5600,650
5601,700
5602,400
5603,-200
5604,700
5605,750
5606,550
5607,700
5608,650
5609,850
5610,350
5611,600
5612,750
5613,500
5614,250
5615,600
5616,700
5617,750
5618,800
5619,900
5620,500
5621,600
5622,900
5623,850
5624,150
5625,600
5626,900
5627,450
5628,700
5629,750
5630,600
5631,900
5632,250
5633,400
5634,850
5635,550
5636,500
5637,700
5638,350
5639,800
5640,600
5641,50
5642,650
5643,800
5644,300
5645,350
5646,550
5647,800
5648,900
5649,650
5650,900
5651,900
5652,950
5653,650
5654,650
5655,650
5656,650
5657,50
5658,950
5659,750
5660,500
5661,650
5662,900
5663,350
5664,700
5665,900
5666,750
5667,850
5668,700
5669,500
5670,500
5671,650
5672,600
5673,550
5674,550
5675,750
5676,900
5677,250
5678,900
5679,850
5680,550
5681,750
5682,600
5683,900
5684,900
5685,650
5686,850
5687,900
5688,650
5689,200
5690,900
5691,900
5692,700
5693,700
5694,900
5695,550
5696,900
5697,600
5698,900
5699,650
5700,900
5701,600
5702,550
5703,850
5704,900
5705,500
5706,450
5707,900
5708,700
5709,700
5710,900
5711,850
5712,900
5713,650
5714,300
5715,-50
5716,600
5717,600
5718,800
5719,450
5720,700
5721,300
5722,700
5723,650
5724,900
5725,900
5726,100
5727,900
5728,700
5729,800
5730,600
5731,400
5732,550
5733,800
5734,850
5735,950
5736,550
5737,750
5738,650
5739,450
5740,900
5741,600
5742,350
5743,650
5744,750
5745,800
5746,450
5747,350
5748,850
5749,800
5750,250
5751,750
5752,950
5753,650
5754,900
5755,900
5756,650
5757,650
5758,700
5759,800
5760,550
5761,650
5762,750
5763,900
5764,800
5765,350
5766,650
5767,600
5768,750
5769,700
5770,550
5771,550
5772,400
5773,650
5774,350
5775,500
5776,800
5777,750
5778,600
5779,750
5780,600
5781,750
5782,600
5783,700
5784,550
5785,900
5786,750
5787,650
5788,900
5789,700
5790,100
5791,900
5792,300
5793,750
5794,350
5795,650
5796,450
5797,500
5798,900
5799,600
5800,650
5801,800
5802,350
5803,650
5804,850
5805,50
5806,800
5807,700
5808,400
5809,850
5810,750
5811,350
5812,600
5813,900
5814,550
5815,650
5816,800
5817,700
5818,500
5819,400
5820,850
5821,900
5822,300
5823,900
5824,550
5825,700
5826,900
5827,650
5828,800
5829,700
5830,550
5831,750
5832,800
5833,300
5834,650
5835,750
5836,400
5837,650
5838,800
5839,700
5840,700
5841,950
5842,600
5843,650
5844,700
5845,550
5846,750
5847,200
5848,800
5849,750
5850,700
5851,200
5852,450
5853,500
5854,550
5855,400
5856,600
5857,500
5858,500
5859,850
5860,800
5861,750
5862,650
5863,900
5864,750
5865,750
5866,650
5867,700
5868,450
5869,500
5870,650
5871,650
5872,900
5873,350
5874,750
5875,450
5876,850
5877,150
5878,150
5879,900
5880,800
5881,600
5882,400
5883,900
5884,700
5885,750
5886,700
5887,550
5888,650
5889,650
5890,950
5891,500
5892,950
5893,600
5894,500
5895,650
5896,950
5897,700
5898,750
5899,600
5900,650
5901,900
5902,900
5903,900
5904,900
5905,900
5906,450
5907,450
5908,800
5909,800
5910,650
5911,100
5912,900
5913,450
5914,700
5915,650
5916,250
5917,950
5918,750
5919,500
5920,600
5921,600
5922,450
5923,250
5924,450
5925,700
5926,650
5927,300
5928,600
5929,800
5930,600
5931,600
5932,50
5933,650
5934,800
5935,800
5936,450
5937,650
5938,600
5939,900
5940,900
5941,900
5942,500
5943,750
5944,200
5945,350
5946,600
5947,700
5948,800
5949,650
5950,500
5951,850
5952,750
5953,700
5954,500
5955,750
5956,450
5957,900
5958,750
5959,400
5960,450
5961,750
5962,900
5963,650
5964,900
5965,750
5966,100
5967,650
5968,750
5969,800
5970,550
5971,900
5972,600
5973,250
5974,500
5975,850
5976,150
5977,750
5978,700
5979,600
5980,700
5981,950
5982,300
5983,800
5984,900
5985,800
5986,800
5987,550
5988,650
5989,500
5990,700
5991,650
5992,300
5993,800
5994,900
5995,300
5996,400
5997,750
5998,500
5999,300
6000,900
6001,450
6002,900
6003,650
6004,450
6005,550
6006,700
6007,500
6008,800
6009,500
6010,800
6011,900
6012,500
6013,800
6014,500
6015,650
6016,900
6017,950
6018,800
6019,650
6020,150
6021,450
6022,900
6023,550
6024,750
6025,600
6026,600
6027,750
6028,750
6029,850
6030,450
6031,550
6032,550
6033,750
6034,750
6035,600
6036,900
6037,700
6038,900
6039,50
6040,500
6041,750
6042,700
6043,800
6044,350
6045,450
6046,850
6047,850
6048,500
6049,550
6050,700
6051,650
6052,400
6053,800
6054,400
6055,700
6056,500
6057,500
6058,850
6059,500
6060,650
6061,800
6062,850
6063,700
6064,950
6065,450
6066,900
6067,100
6068,700
6069,400
6070,550
6071,650
6072,850
6073,900
6074,500
6075,650
6076,350
6077,650
6078,750
6079,900
6080,100
6081,750
6082,600
6083,900
6084,900
6085,900
6086,800
6087,650
6088,900
6089,800
6090,450
6091,250
6092,900
6093,550
6094,750
6095,800
6096,400
6097,650
6098,650
6099,900
6100,750
6101,850
6102,550
6103,550
6104,750
6105,650
6106,600
6107,450
6108,700
6109,650
6110,500
6111,600
6112,550
6113,50
6114,550
6115,800
6116,800
6117,600
6118,250
6119,700
6120,950
6121,800
6122,650
6123,650
6124,850
6125,500
6126,450
6127,800
6128,950
6129,900
6130,900
6131,500
6132,900
6133,350
6134,550
6135,650
6136,600
6137,800
6138,450
6139,550
6140,900
6141,550
6142,650
6143,500
6144,900
6145,350
6146,850
6147,800
6148,650
6149,750
6150,900
6151,900
6152,700
6153,600
6154,800
6155,500
6156,900
6157,800
6158,550
6159,300
6160,800
6161,900
6162,750
6163,950
6164,750
6165,350
6166,200
6167,800
6168,700
6169,650
6170,850
6171,250
6172,950
6173,900
6174,900
6175,800
6176,800
6177,550
6178,900
6179,700
6180,700
6181,450
6182,750
6183,900
6184,150
6185,700
6186,800
6187,550
6188,750
6189,550
6190,800
6191,600
6192,400
6193,800
6194,300
6195,250
6196,650
6197,900
6198,550
6199,600
6200,300
6201,900
6202,750
6203,600
6204,700
6205,800
6206,250
6207,550
6208,600
6209,550
6210,550
6211,600
6212,900
6213,700
6214,850
6215,500
6216,650
6217,750
6218,300
6219,700
6220,50
6221,150
6222,650
6223,450
6224,350
6225,700
6226,900
6227,600
6228,450
6229,700
6230,800
6231,750
6232,900
6233,450
6234,600
6235,650
6236,550
6237,650
6238,950
6239,50
6240,900
6241,700
6242,400
6243,450
6244,750
6245,950
6246,150
6247,800
6248,100
6249,650
6250,900
6251,800
6252,600
6253,850
6254,750
6255,750
6256,550
6257,150
6258,600
6259,750
6260,250
6261,750
6262,450
6263,850
6264,600
6265,600
6266,900
6267,600
6268,900
6269,600
6270,900
6271,200
6272,900
6273,850
6274,700
6275,900
6276,600
6277,800
6278,500
6279,550
6280,350
6281,850
6282,800
6283,750
6284,700
6285,800
6286,750
6287,550
6288,600
6289,700
6290,450
6291,750
6292,900
6293,600
6294,150
6295,900
6296,650
6297,650
6298,750
6299,900
6300,550
6301,250
6302,850
6303,750
6304,500
6305,400
6306,400
6307,900
6308,950
6309,700
6310,750
6311,850
6312,850
6313,550
6314,850
6315,750
6316,750
6317,450
6318,400
6319,600
6320,500
6321,300
6322,900
6323,450
6324,850
6325,450
6326,700
6327,500
6328,650
6329,950
6330,950
6331,700
6332,550
6333,800
6334,550
6335,600
6336,350
6337,550
6338,450
6339,350
6340,300
6341,900
6342,900
6343,700
6344,100
6345,700
6346,500
6347,900
6348,750
6349,500
6350,900
6351,800
6352,700
6353,500
6354,800
6355,900
6356,450
6357,300
6358,300
6359,550
6360,850
6361,950
6362,450
6363,900
6364,900
6365,650
6366,550
6367,150
6368,550
6369,650
6370,750
6371,450
6372,950
6373,450
6374,950
6375,900
6376,550
6377,450
6378,600
6379,900
6380,900
6381,450
6382,750
6383,800
6384,700
6385,750
6386,800
6387,850
6388,700
6389,950
6390,300
6391,850
6392,500
6393,400
6394,950
6395,750
6396,550
6397,600
6398,750
6399,650
6400,700
6401,600
6402,900
6403,800
6404,600
6405,650
6406,-50
6407,700
6408,700
6409,600
6410,750
6411,900
6412,800
6413,400
6414,700
6415,800
6416,450
6417,300
6418,750
6419,650
6420,750
6421,750
6422,600
6423,550
6424,450
6425,850
6426,400
6427,650
6428,750
6429,800
6430,900
6431,600
6432,800
6433,900
6434,950
6435,750
6436,600
6437,900
6438,700
6439,900
6440,700
6441,650
6442,100
6443,600
6444,400
6445,900
6446,450
6447,950
6448,-150
6449,950
6450,150
6451,100
6452,350
6453,900
6454,700
6455,450
6456,650
6457,800
6458,350
6459,750
6460,900
6461,750
6462,750
6463,800
6464,750
6465,550
6466,900
6467,950
6468,700
6469,800
6470,900
6471,300
6472,400
6473,900
6474,650
6475,0
6476,600
6477,900
6478,400
6479,850
6480,700
6481,150
6482,750
6483,150
6484,800
6485,750
6486,700
6487,650
6488,750
6489,800
6490,500
6491,950
6492,850
6493,700
6494,350
6495,600
6496,950
6497,500
6498,800
6499,350
6500,850
6501,-100
6502,350
6503,450
6504,650
6505,550
6506,750
6507,800
6508,950
6509,750
6510,900
6511,900
6512,800
6513,400
6514,550
6515,850
6516,750
6517,850
6518,700
6519,750
6520,700
6521,500
6522,-200
6523,750
6524,800
6525,650
6526,900
6527,700
6528,550
6529,900
6530,550
6531,300
6532,600
6533,950
6534,500
6535,650
6536,200
6537,900
6538,650
6539,950
6540,600
6541,900
6542,700
6543,800
6544,700
6545,800
6546,850
6547,600
6548,500
6549,550
6550,600
6551,900
6552,800
6553,650
6554,250
6555,800
6556,850
6557,600
6558,850
6559,750
6560,600
6561,700
6562,550
6563,900
6564,900
6565,900
6566,400
6567,800
6568,900
6569,650
6570,700
6571,800
6572,150
6573,400
6574,650
6575,750
6576,850
6577,450
6578,50
6579,900
6580,900
6581,700
6582,250
6583,650
6584,650
6585,900
6586,650
6587,800
6588,650
6589,750
6590,450
6591,750
6592,850
6593,700
6594,500
6595,350
6596,850
6597,900
6598,400
6599,550
6600,550
6601,800
6602,150
6603,900
6604,700
6605,700
6606,200
6607,900
6608,900
6609,600
6610,650
6611,900
6612,550
6613,450
6614,450
6615,850
6616,700
6617,900
6618,650
6619,650
6620,550
6621,800
6622,350
6623,700
6624,500
6625,900
6626,950
6627,650
6628,400
6629,650
6630,750
6631,900
6632,800
6633,350
6634,750
6635,150
6636,850
6637,900
6638,900
6639,950
6640,950
6641,950
6642,900
6643,900
6644,750
6645,900
6646,850
6647,900
6648,400
6649,750
6650,950
6651,600
6652,750
6653,600
6654,900
6655,750
6656,900
6657,750
6658,800
6659,800
6660,900
6661,650
6662,700
6663,950
6664,750
6665,750
6666,350
6667,800
6668,700
6669,800
6670,600
6671,300
6672,600
6673,900
6674,700
6675,0
6676,700
6677,700
6678,900
6679,300
6680,700
6681,700
6682,600
6683,900
6684,900
6685,800
6686,650
6687,0
6688,750
6689,800
6690,900
6691,600
6692,600
6693,650
6694,750
6695,250
6696,900
6697,700
6698,600
6699,450
6700,400
6701,650
6702,650
6703,150
6704,900
6705,350
6706,450
6707,900
6708,750
6709,350
6710,650
6711,100
6712,550
6713,350
6714,900
6715,700
6716,750
6717,700
6718,700
6719,450
6720,750
6721,550
6722,900
6723,750
6724,600
6725,700
6726,450
6727,750
6728,800
6729,750
6730,650
6731,850
6732,550
6733,400
6734,400
6735,900
6736,700
6737,650
6738,750
6739,550
6740,800
6741,450
6742,700
6743,200
6744,350
6745,550
6746,900
6747,900
6748,950
6749,100
6750,900
6751,700
6752,650
6753,500
6754,700
6755,250
6756,500
6757,800
6758,400
6759,650
6760,900
6761,700
6762,900
6763,900
6764,150
6765,750
6766,900
6767,850
6768,700
6769,500
6770,550
6771,900
6772,600
6773,650
6774,650
6775,550
6776,900
6777,250
6778,350
6779,650
6780,850
6781,650
6782,550
6783,500
6784,800
6785,300
6786,900
6787,200
6788,550
6789,750
6790,600
6791,650
6792,700
6793,550
6794,900
6795,50
6796,100
6797,700
6798,800
6799,250
6800,850
6801,550
6802,750
6803,400
6804,600
6805,750
6806,800
6807,900
6808,800
6809,700
6810,650
6811,700
6812,900
6813,900
6814,750
6815,450
6816,900
6817,600
6818,250
6819,900
6820,-50
6821,500
6822,850
6823,750
6824,850
6825,350
6826,700
6827,900
6828,400
6829,650
6830,700
6831,850
6832,700
6833,950
6834,500
6835,650
6836,550
6837,800
6838,700
6839,650
6840,900
6841,400
6842,750
6843,550
6844,400
6845,800
6846,900
6847,450
6848,900
6849,900
6850,400
6851,900
6852,650
6853,950
6854,900
6855,900
6856,650
6857,550
6858,800
6859,750
6860,700
6861,450
6862,450
6863,700
6864,600
6865,-100
6866,850
6867,350
6868,600
6869,900
6870,800
6871,700
6872,450
6873,800
6874,900
6875,950
6876,700
6877,900
6878,800
6879,700
6880,900
6881,750
6882,750
6883,500
6884,950
6885,450
6886,850
6887,700
6888,850
6889,750
6890,900
6891,850
6892,850
6893,600
6894,700
6895,550
6896,700
6897,450
6898,450
6899,650
6900,0
6901,700
6902,700
6903,300
6904,650
6905,350
6906,700
6907,700
6908,800
6909,650
6910,650
6911,350
6912,650
6913,450
6914,800
6915,600
6916,-50
6917,750
6918,550
6919,500
6920,900
6921,550
6922,900
6923,800
6924,450
6925,850
6926,550
6927,400
6928,550
6929,850
6930,900
6931,600
6932,750
6933,800
6934,150
6935,450
6936,600
6937,950
6938,350
6939,900
6940,350
6941,650
6942,950
6943,100
6944,400
6945,500
6946,900
6947,900
6948,700
6949,900
6950,500
6951,550
6952,950
6953,900
6954,550
6955,400
6956,300
6957,350
6958,250
6959,750
6960,650
6961,700
6962,750
6963,600
6964,350
6965,850
6966,100
6967,650
6968,750
6969,500
6970,850
6971,900
6972,550
6973,700
6974,850
6975,350
6976,550
6977,350
6978,900
6979,950
6980,750
6981,900
6982,550
6983,450
6984,550
6985,700
6986,550
6987,750
6988,700
6989,600
6990,700
6991,900
6992,800
6993,800
6994,450
6995,300
6996,700
6997,800
6998,850
6999,850
7000,900
7001,900
7002,600
7003,450
7004,750
7005,500
7006,800
7007,600
7008,850
7009,850
7010,600
7011,600
7012,550
7013,750
7014,850
7015,650
7016,800
7017,600
7018,400
7019,900
7020,650
7021,750
7022,650
7023,950
7024,900
7025,850
7026,600
7027,450
7028,-150
7029,700
7030,700
7031,400
7032,150
7033,750
7034,750
7035,300
7036,300
7037,750
7038,700
7039,250
7040,650
7041,700
7042,700
7043,650
7044,500
7045,600
7046,150
7047,650
7048,750
7049,450
7050,700
7051,150
7052,700
7053,100
7054,800
7055,700
7056,350
7057,650
7058,600
7059,750
7060,850
7061,400
7062,200
7063,750
7064,550
7065,650
7066,900
7067,600
7068,700
7069,400
7070,550
7071,800
7072,650
7073,500
7074,600
7075,200
7076,750
7077,650
7078,800
7079,850
7080,400
7081,750
7082,750
7083,800
7084,200
7085,900
7086,450
7087,650
7088,450
7089,700
7090,900
7091,850
7092,450
7093,750
7094,600
7095,350
7096,700
7097,900
7098,400
7099,750
7100,850
7101,550
7102,800
7103,900
7104,900
7105,400
7106,800
7107,800
7108,800
7109,550
7110,850
7111,800
7112,900
7113,600
7114,600
7115,750
7116,300
7117,900
7118,500
7119,300
7120,600
7121,900
7122,700
7123,350
7124,650
7125,600
7126,900
7127,500
7128,750
7129,700
7130,900
7131,700
7132,650
7133,250
7134,700
7135,900
7136,900
7137,450
7138,550
7139,800
7140,850
7141,900
7142,900
7143,350
7144,800
7145,500
7146,750
7147,850
7148,550
7149,750
7150,900
7151,600
7152,850
7153,900
7154,700
7155,850
7156,800
7157,750
7158,850
7159,800
7160,600
7161,300
7162,700
7163,900
7164,350
7165,550
7166,850
7167,950
7168,800
7169,300
7170,750
7171,450
7172,700
7173,700
7174,50
7175,850
7176,200
7177,800
7178,800
7179,650
7180,450
7181,550
7182,850
7183,350
7184,250
7185,700
7186,450
7187,700
7188,250
7189,750
7190,750
7191,650
7192,900
7193,600
7194,850
7195,650
7196,800
7197,250
7198,750
7199,700
7200,900
7201,300
7202,900
7203,450
7204,350
7205,750
7206,200
7207,750
7208,900
7209,700
7210,100
7211,650
7212,950
7213,300
7214,650
7215,600
7216,800
7217,850
7218,800
7219,900
7220,600
7221,950
7222,650
7223,500
7224,800
7225,500
7226,750
7227,900
7228,650
7229,650
7230,700
7231,750
7232,850
7233,700
7234,850
7235,150
7236,900
7237,900
7238,700
7239,700
7240,850
7241,650
7242,550
7243,900
7244,700
7245,450
7246,750
7247,700
7248,350
7249,600
7250,600
7251,150
7252,650
7253,400
7254,700
7255,900
7256,900
7257,450
7258,450
7259,850
7260,400
7261,300
7262,900
7263,850
7264,900
7265,900
7266,900
7267,900
7268,500
7269,800
7270,600
7271,900
7272,850
7273,450
7274,650
7275,900
7276,900
7277,850
7278,550
7279,850
7280,150
7281,500
7282,800
7283,750
7284,200
7285,750
7286,750
7287,750
7288,850
7289,650
7290,750
7291,400
7292,550
7293,650
7294,700
7295,850
7296,900
7297,300
7298,500
7299,900
7300,850
7301,950
7302,750
7303,500
7304,800
7305,250
7306,900
7307,950
7308,850
7309,150
7310,650
7311,300
7312,750
7313,400
7314,300
7315,850
7316,700
7317,700
7318,300
7319,550
7320,800
7321,800
7322,450
7323,600
7324,50
7325,500
7326,600
7327,800
7328,650
7329,450
7330,300
7331,450
7332,850
7333,800
7334,700
7335,700
7336,550
7337,300
7338,700
7339,550
7340,900
7341,900
7342,750
7343,350
7344,650
7345,550
7346,750
7347,850
7348,850
7349,900
7350,700
7351,200
7352,700
7353,700
7354,600
7355,0
7356,750
7357,800
7358,500
7359,800
7360,800
7361,850
7362,850
7363,650
7364,700
7365,400
7366,800
7367,800
7368,550
7369,750
7370,650
7371,550
7372,450
7373,650
7374,750
7375,350
7376,300
7377,700
7378,800
7379,700
7380,200
7381,400
7382,500
7383,750
7384,450
7385,900
7386,900
7387,550
7388,500
7389,850
7390,500
7391,550
7392,600
7393,700
7394,200
7395,350
7396,700
7397,750
7398,50
7399,700
7400,650
7401,750
7402,150
7403,600
7404,900
7405,650
7406,400
7407,200
7408,500
7409,500
7410,450
7411,300
7412,500
7413,900
7414,600
7415,500
7416,450
7417,500
7418,550
7419,900
7420,750
7421,700
7422,450
7423,700
7424,650
7425,600
7426,650
7427,750
7428,900
7429,900
7430,900
7431,500
7432,600
7433,400
7434,800
7435,900
7436,750
7437,900
7438,900
7439,900
7440,800
7441,900
7442,400
7443,800
7444,800
7445,850
7446,350
7447,650
7448,250
7449,200
7450,-100
7451,500
7452,750
7453,500
7454,900
7455,800
7456,500
7457,650
7458,600
7459,800
7460,500
7461,500
7462,750
7463,750
7464,750
7465,650
7466,700
7467,650
7468,650
7469,550
7470,550
7471,900
7472,150
7473,850
7474,900
7475,650
7476,100
7477,500
7478,800
7479,300
7480,900
7481,750
7482,750
7483,800
7484,350
7485,850
7486,500
7487,450
7488,650
7489,900
7490,600
7491,800
7492,900
7493,450
7494,800
7495,800
7496,550
7497,750
7498,900
7499,550
7500,500
7501,750
7502,550
7503,450
7504,600
7505,650
7506,800
7507,850
7508,750
7509,250
7510,850
7511,700
7512,200
7513,550
7514,300
7515,750
7516,750
7517,350
7518,700
7519,850
7520,600
7521,550
7522,850
7523,250
7524,450
7525,700
7526,750
7527,650
7528,550
7529,450
7530,450
7531,650
7532,700
7533,650
7534,350
7535,750
7536,850
7537,650
7538,650
7539,800
7540,150
7541,700
7542,900
7543,900
7544,450
7545,900
7546,400
7547,950
7548,350
7549,800
7550,900
7551,350
7552,700
7553,900
7554,750
7555,550
7556,450
7557,550
7558,600
7559,650
7560,900
7561,700
7562,600
7563,600
7564,700
7565,750
7566,650
7567,500
7568,250
7569,900
7570,700
7571,550
7572,400
7573,450
7574,900
7575,750
7576,300
7577,850
7578,700
7579,400
7580,700
7581,400
7582,800
7583,850
7584,800
7585,750
7586,650
7587,750
7588,450
7589,900
7590,500
7591,750
7592,700
7593,550
7594,900
7595,650
7596,750
7597,200
7598,900
7599,500
7600,-100
7601,850
7602,800
7603,600
7604,800
7605,850
7606,500
7607,800
7608,400
7609,800
7610,900
7611,450
7612,450
7613,450
7614,900
7615,600
7616,150
7617,450
7618,700
7619,400
7620,700
7621,350
7622,150
7623,900
7624,500
7625,450
7626,400
7627,500
7628,700
7629,750
7630,750
7631,750
7632,200
7633,800
7634,800
7635,750
7636,750
7637,700
7638,450
7639,600
7640,800
7641,500
7642,750
7643,900
7644,950
7645,350
7646,650
7647,650
7648,750
7649,450
7650,700
7651,600
7652,850
7653,700
7654,750
7655,850
7656,700
7657,700
7658,750
7659,200
7660,450
7661,800
7662,850
7663,600
7664,900
7665,800
7666,450
7667,950
7668,750
7669,900
7670,900
7671,550
7672,600
7673,550
7674,450
7675,300
7676,550
7677,500
7678,550
7679,900
7680,800
7681,750
7682,650
7683,800
7684,600
7685,400
7686,850
7687,900
7688,900
7689,400
7690,900
7691,750
7692,850
7693,750
7694,500
7695,500
7696,900
7697,650
7698,550
7699,600
7700,800
7701,750
7702,800
7703,800
7704,600
7705,650
7706,50
7707,900
7708,750
7709,700
7710,500
7711,900
7712,600
7713,700
7714,700
7715,650
7716,950
7717,900
7718,600
7719,500
7720,650
7721,650
7722,550
7723,650
7724,600
7725,900
7726,900
7727,450
7728,800
7729,400
7730,650
7731,300
7732,550
7733,450
7734,350
7735,350
7736,500
7737,900
7738,850
7739,750
7740,650
7741,150
7742,600
7743,850
7744,650
7745,650
7746,450
7747,450
7748,750
7749,750
7750,500
7751,800
7752,300
7753,900
7754,500
7755,450
7756,550
7757,750
7758,600
7759,300
7760,300
7761,600
7762,750
7763,750
7764,850
7765,500
7766,800
7767,50
7768,950
7769,650
7770,900
7771,600
7772,750
7773,750
7774,600
7775,700
7776,450
7777,350
7778,900
7779,600
7780,500
7781,750
7782,900
7783,700
7784,650
7785,900
7786,900
7787,900
7788,650
7789,500
7790,650
7791,750
7792,900
7793,400
7794,450
7795,900
7796,700
7797,200
7798,900
7799,450
7800,750
7801,750
7802,400
7803,550
7804,500
7805,600
7806,600
7807,400
7808,800
7809,700
7810,900
7811,800
7812,350
7813,700
7814,500
7815,200
7816,250
7817,350
7818,850
7819,600
7820,900
7821,900
7822,250
7823,900
7824,200
7825,250
7826,550
7827,900
7828,550
7829,650
7830,500
7831,550
7832,600
7833,500
7834,800
7835,800
7836,750
7837,900
7838,700
7839,550
7840,700
7841,900
7842,900
7843,750
7844,800
7845,750
7846,900
7847,700
7848,600
7849,450
7850,800
7851,750
7852,800
7853,750
7854,450
7855,450
7856,0
7857,650
7858,650
7859,550
7860,850
7861,350
7862,800
7863,950
7864,900
7865,800
7866,750
7867,450
7868,900
7869,850
7870,300
7871,550
7872,950
7873,800
7874,350
7875,800
7876,850
7877,400
7878,800
7879,550
7880,900
7881,750
7882,800
7883,300
7884,950
7885,400
7886,900
7887,900
7888,200
7889,900
7890,200
7891,250
7892,900
7893,950
7894,200
7895,200
7896,800
7897,900
7898,550
7899,750
7900,900
7901,600
7902,450
7903,450
7904,950
7905,800
7906,750
7907,650
7908,750
7909,150
7910,450
7911,300
7912,500
7913,750
7914,500
7915,650
7916,650
7917,450
7918,550
7919,700
7920,550
7921,450
7922,300
7923,750
7924,900
7925,900
7926,800
7927,350
7928,900
7929,550
7930,600
7931,550
7932,550
7933,750
7934,700
7935,800
7936,900
7937,550
7938,900
7939,350
7940,750
7941,700
7942,900
7943,800
7944,600
7945,900
7946,800
7947,500
7948,500
7949,100
7950,450
7951,550
7952,700
7953,800
7954,500
7955,900
7956,550
7957,450
7958,650
7959,800
7960,500
7961,550
7962,900
7963,450
7964,650
7965,750
7966,750
7967,200
7968,700
7969,600
7970,100
7971,550
7972,800
7973,750
7974,850
7975,900
7976,900
7977,800
7978,750
7979,900
7980,750
7981,750
7982,600
7983,900
7984,750
7985,750
7986,650
7987,750
7988,800
7989,650
7990,600
7991,550
7992,850
7993,700
7994,800
7995,350
7996,850
7997,700
7998,0
7999,600
8000,400
8001,400
8002,550
8003,600
8004,500
8005,600
8006,750
8007,700
8008,350
8009,750
8010,500
8011,500
8012,100
8013,900
8014,250
8015,650
8016,650
8017,750
8018,650
8019,500
8020,700
8021,550
8022,550
8023,750
8024,900
8025,800
8026,600
8027,600
8028,650
8029,600
8030,900
8031,700
8032,600
8033,850
8034,750
8035,600
8036,800
8037,50
8038,950
8039,550
8040,300
8041,500
8042,200
8043,600
8044,900
8045,600
8046,650
8047,950
8048,800
8049,950
8050,450
8051,550
8052,750
8053,200
8054,500
8055,800
8056,650
8057,700
8058,650
8059,800
8060,550
8061,850
8062,750
8063,900
8064,900
8065,700
8066,700
8067,450
8068,550
8069,900
8070,700
8071,950
8072,750
8073,800
8074,750
8075,350
8076,700
8077,700
8078,300
8079,950
8080,850
8081,600
8082,950
8083,700
8084,750
8085,200
8086,900
8087,650
8088,650
8089,250
8090,600
8091,800
8092,200
8093,750
8094,900
8095,900
8096,950
8097,800
8098,650
8099,850
8100,750
8101,550
8102,900
8103,350
8104,350
8105,900
8106,750
8107,250
8108,900
8109,850
8110,800
8111,500
8112,700
8113,650
8114,900
8115,400
8116,850
8117,900
8118,600
8119,800
8120,750
8121,450
8122,550
8123,700
8124,950
8125,600
8126,800
8127,650
8128,600
8129,650
8130,500
8131,800
8132,900
8133,900
8134,350
8135,500
8136,900
8137,900
8138,600
8139,750
8140,900
8141,700
8142,850
8143,550
8144,200
8145,200
8146,950
8147,550
8148,650
8149,300
8150,750
8151,850
8152,850
8153,950
8154,650
8155,750
8156,450
8157,100
8158,650
8159,900
8160,500
8161,750
8162,800
8163,650
8164,900
8165,900
8166,850
8167,700
8168,350
8169,350
8170,800
8171,900
8172,900
8173,650
8174,900
8175,800
8176,700
8177,800
8178,900
8179,450
8180,850
8181,800
8182,550
8183,500
8184,850
8185,900
8186,600
8187,900
8188,900
8189,600
8190,650
8191,750
8192,850
8193,400
8194,250
8195,700
8196,100
8197,700
8198,200
8199,550
8200,850
8201,650
8202,700
8203,900
8204,800
8205,900
8206,350
8207,750
8208,800
8209,450
8210,300
8211,550
8212,800
8213,700
8214,650
8215,550
8216,650
8217,900
8218,600
8219,700
8220,850
8221,800
8222,500
8223,400
8224,750
8225,850
8226,450
8227,750
8228,750
8229,900
8230,400
8231,500
8232,700
8233,400
8234,750
8235,750
8236,950
8237,650
8238,550
8239,500
8240,700
8241,700
8242,700
8243,550
8244,600
8245,50
8246,550
8247,900
8248,700
8249,350
8250,450
8251,650
8252,800
8253,650
8254,900
8255,700
8256,250
8257,900
8258,700
8259,800
8260,900
8261,750
8262,700
8263,800
8264,450
8265,200
8266,600
8267,850
8268,900
8269,900
8270,500
8271,900
8272,800
8273,300
8274,700
8275,550
8276,400
8277,600
8278,750
8279,150
8280,100
8281,750
8282,750
8283,250
8284,400
8285,750
8286,750
8287,900
8288,450
8289,550
8290,100
8291,950
8292,850
8293,300
8294,450
8295,600
8296,750
8297,800
8298,300
8299,700
8300,750
8301,900
8302,850
8303,700
8304,800
8305,650
8306,550
8307,800
8308,900
8309,950
8310,600
8311,950
8312,750
8313,450
8314,400
8315,900
8316,650
8317,950
8318,450
8319,400
8320,550
8321,800
8322,750
8323,550
8324,900
8325,750
8326,400
8327,600
8328,900
8329,800
8330,850
8331,550
8332,900
8333,100
8334,500
8335,900
8336,450
8337,600
8338,900
8339,900
8340,700
8341,750
8342,650
8343,750
8344,700
8345,900
8346,900
8347,900
8348,650
8349,500
8350,750
8351,650
8352,650
8353,550
8354,900
8355,450
8356,900
8357,900
8358,800
8359,400
8360,900
8361,900
8362,650
8363,850
8364,750
8365,900
8366,700
8367,400
8368,700
8369,650
8370,750
8371,400
8372,800
8373,500
8374,550
8375,950
8376,50
8377,650
8378,200
8379,950
8380,650
8381,500
8382,650
8383,650
8384,550
8385,750
8386,600
8387,550
8388,650
8389,800
8390,800
8391,950
8392,950
8393,900
8394,800
8395,600
8396,550
8397,600
8398,500
8399,800
8400,700
8401,900
8402,650
8403,350
8404,750
8405,600
8406,350
8407,700
8408,500
8409,900
8410,450
8411,450
8412,900
8413,900
8414,800
8415,700
8416,400
8417,850
8418,-50
8419,650
8420,900
8421,400
8422,800
8423,350
8424,500
8425,800
8426,800
8427,500
8428,900
8429,900
8430,150
8431,650
8432,750
8433,900
8434,900
8435,650
8436,600
8437,250
8438,650
8439,650
8440,300
8441,400
8442,800
8443,900
8444,500
8445,850
8446,450
8447,600
8448,700
8449,900
8450,450
8451,100
8452,650
8453,900
8454,950
8455,750
8456,900
8457,600
8458,900
8459,150
8460,950
8461,750
8462,550
8463,400
8464,800
8465,200
8466,400
8467,900
8468,550
8469,900
8470,100
8471,800
8472,700
8473,400
8474,700
8475,750
8476,850
8477,750
8478,500
8479,800
8480,650
8481,850
8482,750
8483,650
8484,50
8485,200
8486,500
8487,850
8488,450
8489,700
8490,600
8491,700
8492,850
8493,800
8494,750
8495,700
8496,800
8497,600
8498,750
8499,600
8500,650
8501,750
8502,600
8503,700
8504,300
8505,550
8506,850
8507,800
8508,500
8509,500
8510,850
8511,550
8512,600
8513,0
8514,900
8515,350
8516,600
8517,900
8518,750
8519,250
8520,750
8521,600
8522,450
8523,700
8524,650
8525,750
8526,900
8527,750
8528,900
8529,800
8530,50
8531,450
8532,500
8533,750
8534,50
8535,350
8536,400
8537,700
8538,800
8539,900
8540,650
8541,400
8542,500
8543,750
8544,700
8545,850
8546,450
8547,750
8548,700
8549,900
8550,800
8551,0
8552,450
8553,400
8554,850
8555,850
8556,800
8557,-100
8558,400
8559,350
8560,700
8561,450
8562,750
8563,900
8564,750
8565,750
8566,900
8567,200
8568,800
8569,800
8570,350
8571,700
8572,900
8573,450
8574,600
8575,650
8576,500
8577,800
8578,750
8579,900
8580,800
8581,550
8582,800
8583,650
8584,250
8585,600
8586,350
8587,850
8588,800
8589,800
8590,900
8591,700
8592,900
8593,800
8594,900
8595,700
8596,700
8597,700
8598,900
8599,700
8600,450
8601,-50
8602,900
8603,750
8604,700
8605,550
8606,600
8607,300
8608,650
8609,750
8610,700
8611,750
8612,900
8613,600
8614,700
8615,450
8616,500
8617,800
8618,800
8619,100
8620,900
8621,500
8622,600
8623,850
8624,350
8625,750
8626,900
8627,750
8628,900
8629,150
8630,750
8631,800
8632,550
8633,750
8634,550
8635,800
8636,600
8637,600
8638,550
8639,700
8640,350
8641,850
8642,400
8643,800
8644,850
8645,900
8646,550
8647,850
8648,900
8649,600
8650,750
8651,950
8652,750
8653,600
8654,900
8655,650
8656,600
8657,650
8658,900
8659,700
8660,550
8661,550
8662,500
8663,750
8664,400
8665,500
8666,150
8667,700
8668,650
8669,400
8670,800
8671,600
8672,400
8673,450
8674,750
8675,650
8676,600
8677,650
8678,400
8679,800
8680,900
8681,750
8682,-50
8683,750
8684,800
8685,750
8686,550
8687,350
8688,600
8689,350
8690,250
8691,750
8692,800
8693,900
8694,900
8695,300
8696,650
8697,900
8698,750
8699,800
8700,750
8701,600
8702,650
8703,400
8704,800
8705,550
8706,700
8707,850
8708,350
8709,500
8710,800
8711,900
8712,500
8713,600
8714,950
8715,650
8716,750
8717,900
8718,750
8719,600
8720,600
8721,500
8722,900
8723,600
8724,950
8725,900
8726,200
8727,850
8728,600
8729,600
8730,800
8731,650
8732,800
8733,500
8734,750
8735,650
8736,950
8737,900
8738,400
8739,350
8740,450
8741,550
8742,400
8743,800
8744,850
8745,900
8746,500
8747,400
8748,750
8749,450
8750,900
8751,550
8752,700
8753,800
8754,300
8755,800
8756,700
8757,400
8758,750
8759,700
8760,900
8761,900
8762,550
8763,650
8764,900
8765,850
8766,650
8767,550
8768,900
8769,700
8770,450
8771,400
8772,800
8773,750
8774,700
8775,800
8776,900
8777,800
8778,100
8779,950
8780,600
8781,900
8782,500
8783,700
8784,750
8785,900
8786,900
8787,750
8788,500
8789,900
8790,700
8791,600
8792,800
8793,700
8794,750
8795,500
8796,500
8797,800
8798,800
8799,750
8800,950
8801,300
8802,900
8803,850
8804,450
8805,900
8806,800
8807,850
8808,600
8809,600
8810,350
8811,500
8812,600
8813,400
8814,900
8815,800
8816,700
8817,900
8818,450
8819,350
8820,650
8821,650
8822,650
8823,800
8824,800
8825,100
8826,950
8827,200
8828,700
8829,600
8830,350
8831,750
8832,750
8833,600
8834,850
8835,750
8836,900
8837,450
8838,750
8839,650
8840,800
8841,150
8842,500
8843,800
8844,200
8845,450
8846,700
8847,900
8848,700
8849,750
8850,400
8851,550
8852,600
8853,500
8854,350
8855,350
8856,650
8857,600
8858,600
8859,650
8860,350
8861,850
8862,800
8863,900
8864,-100
8865,600
8866,650
8867,750
8868,600
8869,850
8870,750
8871,550
8872,900
8873,700
8874,800
8875,650
8876,200
8877,750
8878,800
8879,150
8880,650
8881,900
8882,250
8883,650
8884,850
8885,150
8886,750
8887,250
8888,750
8889,350
8890,950
8891,700
8892,750
8893,600
8894,750
8895,650
8896,450
8897,750
8898,450
8899,550
8900,900
8901,800
8902,550
8903,900
8904,300
8905,300
8906,650
8907,850
8908,800
8909,900
8910,750
8911,650
8912,600
8913,100
8914,800
8915,800
8916,800
8917,100
8918,550
8919,800
8920,750
8921,650
8922,550
8923,900
8924,500
8925,100
8926,550
8927,600
8928,400
8929,450
8930,450
8931,400
8932,500
8933,650
8934,550
8935,600
8936,500
8937,450
8938,550
8939,750
8940,900
8941,700
8942,300
8943,100
8944,550
8945,850
8946,600
8947,900
8948,800
8949,500
8950,700
8951,700
8952,650
8953,600
8954,400
8955,950
8956,550
8957,300
8958,850
8959,650
8960,800
8961,550
8962,900
8963,500
8964,600
8965,700
8966,600
8967,750
8968,450
8969,450
8970,750
8971,600
8972,800
8973,700
8974,900
8975,500
8976,450
8977,800
8978,800
8979,700
8980,400
8981,550
8982,950
8983,700
8984,500
8985,900
8986,900
8987,850
8988,400
8989,950
8990,900
8991,350
8992,700
8993,700
8994,200
8995,700
8996,600
8997,750
8998,350
8999,900
9000,200
9001,900
9002,800
9003,700
9004,900
9005,500
9006,550
9007,100
9008,350
9009,750
9010,850
9011,750
9012,900
9013,550
9014,900
9015,900
9016,750
9017,600
9018,400
9019,850
9020,900
9021,800
9022,650
9023,250
9024,550
9025,900
9026,700
9027,350
9028,750
9029,700
9030,-150
9031,400
9032,700
9033,900
9034,450
9035,750
9036,450
9037,400
9038,300
9039,850
9040,500
9041,900
9042,900
9043,900
9044,300
9045,450
9046,650
9047,900
9048,550
9049,850
9050,350
9051,700
9052,800
9053,850
9054,650
9055,700
9056,650
9057,800
9058,200
9059,800
9060,950
9061,750
9062,900
9063,450
9064,550
9065,450
9066,200
9067,800
9068,300
9069,900
9070,900
9071,750
9072,850
9073,500
9074,550
9075,650
9076,450
9077,850
9078,150
9079,400
9080,800
9081,950
9082,750
9083,250
9084,850
9085,750
9086,600
9087,850
9088,350
9089,600
9090,500
9091,400
9092,800
9093,350
9094,900
9095,900
9096,400
9097,250
9098,550
9099,550
9100,600
9101,750
9102,750
9103,900
9104,650
9105,550
9106,800
9107,700
9108,450
9109,800
9110,900
9111,900
9112,900
9113,750
9114,650
9115,650
9116,550
9117,900
9118,400
9119,800
9120,400
9121,250
9122,750
9123,500
9124,450
9125,750
9126,850
9127,300
9128,900
9129,100
9130,700
9131,800
9132,850
9133,500
9134,650
9135,550
9136,700
9137,900
9138,700
9139,350
9140,900
9141,350
9142,600
9143,400
9144,600
9145,750
9146,500
9147,350
9148,600
9149,800
9150,500
9151,750
9152,400
9153,900
9154,700
9155,650
9156,900
9157,800
9158,850
9159,400
9160,600
9161,600
9162,600
9163,350
9164,850
9165,500
9166,750
9167,950
9168,550
9169,500
9170,150
9171,950
9172,600
9173,850
9174,900
9175,850
9176,650
9177,450
9178,650
9179,800
9180,900
9181,750
9182,750
9183,900
9184,900
9185,800
9186,700
9187,500
9188,600
9189,550
9190,800
9191,850
9192,300
9193,450
9194,900
9195,400
9196,800
9197,650
9198,900
9199,900
9200,950
9201,850
9202,900
9203,700
9204,900
9205,900
9206,750
9207,100
9208,650
9209,750
9210,150
9211,350
9212,700
9213,800
9214,250
9215,850
9216,900
9217,850
9218,900
9219,700
9220,600
9221,550
9222,700
9223,900
9224,500
9225,350
9226,400
9227,750
9228,750
9229,800
9230,-100
9231,750
9232,900
9233,750
9234,700
9235,900
9236,900
9237,700
9238,900
9239,900
9240,450
9241,900
9242,550
9243,500
9244,650
9245,450
9246,450
9247,850
9248,750
9249,550
9250,800
9251,50
9252,850
9253,550
9254,700
9255,800
9256,800
9257,900
9258,550
9259,450
9260,900
9261,900
9262,550
9263,450
9264,650
9265,-250
9266,600
9267,700
9268,900
9269,800
9270,250
9271,550
9272,750
9273,750
9274,650
9275,600
9276,400
9277,900
9278,850
9279,700
9280,900
9281,450
9282,900
9283,450
9284,500
9285,750
9286,350
9287,-50
9288,750
9289,500
9290,800
9291,700
9292,800
9293,750
9294,750
9295,700
9296,600
9297,700
9298,500
9299,400
9300,650
9301,100
9302,300
9303,750
9304,700
9305,850
9306,900
9307,400
9308,500
9309,400
9310,700
9311,800
9312,850
9313,500
9314,900
9315,600
9316,450
9317,500
9318,450
9319,750
9320,700
9321,400
9322,700
9323,900
9324,850
9325,700
9326,700
9327,650
9328,450
9329,800
9330,50
9331,500
9332,900
9333,600
9334,900
9335,800
9336,600
9337,650
9338,700
9339,850
9340,900
9341,150
9342,900
9343,600
9344,700
9345,900
9346,450
9347,950
9348,900
9349,700
9350,650
9351,600
9352,650
9353,800
9354,800
9355,450
9356,300
9357,650
9358,400
9359,400
9360,600
9361,900
9362,550
9363,450
9364,850
9365,700
9366,-450
9367,900
9368,900
9369,900
9370,50
9371,450
9372,950
9373,700
9374,750
9375,450
9376,800
9377,900
9378,650
9379,650
9380,850
9381,300
9382,800
9383,750
9384,350
9385,900
9386,650
9387,950
9388,300
9389,700
9390,900
9391,500
9392,750
9393,750
9394,900
9395,950
9396,850
9397,450
9398,850
9399,900
9400,900
9401,450
9402,900
9403,300
9404,800
9405,900
9406,900
9407,650
9408,550
9409,700
9410,600
9411,700
9412,100
9413,500
9414,500
9415,850
9416,850
9417,550
9418,600
9419,600
9420,900
9421,750
9422,750
9423,450
9424,650
9425,850
9426,900
9427,550
9428,600
9429,750
9430,350
9431,500
9432,250
9433,900
9434,850
9435,750
9436,900
9437,350
9438,400
9439,800
9440,800
9441,350
9442,750
9443,900
9444,600
9445,800
9446,450
9447,700
9448,550
9449,350
9450,500
9451,300
9452,850
9453,400
9454,700
9455,200
9456,900
9457,850
9458,700
9459,650
9460,250
9461,900
9462,450
9463,300
9464,600
9465,750
9466,650
9467,500
9468,800
9469,750
9470,900
9471,450
9472,350
9473,900
9474,800
9475,900
9476,350
9477,550
9478,600
9479,900
9480,850
9481,550
9482,750
9483,750
9484,300
9485,600
9486,900
9487,900
9488,900
9489,250
9490,500
9491,900
9492,800
9493,750
9494,900
9495,750
9496,750
9497,700
9498,900
9499,450
9500,900
9501,700
9502,700
9503,450
9504,700
9505,650
9506,650
9507,750
9508,750
9509,700
9510,150
9511,100
9512,700
9513,750
9514,700
9515,550
9516,900
9517,950
9518,850
9519,700
9520,550
9521,450
9522,850
9523,900
9524,700
9525,900
9526,600
9527,750
9528,150
9529,350
9530,650
9531,800
9532,750
9533,750
9534,500
9535,700
9536,100
9537,550
9538,850
9539,550
9540,600
9541,600
9542,600
9543,350
9544,800
9545,850
9546,900
9547,700
9548,900
9549,500
9550,300
9551,700
9552,800
9553,550
9554,900
9555,700
9556,800
9557,550
9558,700
9559,550
9560,250
9561,900
9562,700
9563,800
9564,200
9565,800
9566,650
9567,950
9568,550
9569,250
9570,900
9571,450
9572,700
9573,900
9574,750
9575,800
9576,700
9577,650
9578,800
9579,450
9580,200
9581,600
9582,650
9583,650
9584,850
9585,650
9586,850
9587,400
9588,600
9589,850
9590,450
9591,800
9592,400
9593,650
9594,750
9595,900
9596,500
9597,550
9598,650
9599,450
9600,800
9601,800
9602,650
9603,900
9604,400
9605,550
9606,750
9607,950
9608,800
9609,800
9610,750
9611,750
9612,500
9613,900
9614,900
9615,750
9616,650
9617,650
9618,900
9619,650
9620,900
9621,700
9622,800
9623,900
9624,250
9625,450
9626,600
9627,900
9628,500
9629,900
9630,400
9631,700
9632,500
9633,900
9634,650
9635,600
9636,300
9637,700
9638,700
9639,800
9640,950
9641,750
9642,700
9643,450
9644,800
9645,600
9646,900
9647,750
9648,450
9649,800
9650,850
9651,600
9652,750
9653,800
9654,650
9655,900
9656,950
9657,700
9658,850
9659,850
9660,900
9661,200
9662,850
9663,900
9664,150
9665,900
9666,900
9667,450
9668,900
9669,100
9670,100
9671,900
9672,700
9673,800
9674,650
9675,450
9676,750
9677,600
9678,300
9679,650
9680,800
9681,800
9682,700
9683,800
9684,150
9685,750
9686,450
9687,600
9688,750
9689,750
9690,900
9691,900
9692,700
9693,650
9694,600
9695,750
9696,700
9697,650
9698,250
9699,650
9700,650
9701,750
9702,450
9703,650
9704,500
9705,700
9706,800
9707,550
9708,650
9709,550
9710,750
9711,600
9712,750
9713,850
9714,350
9715,400
9716,800
9717,450
9718,750
9719,450
9720,850
9721,750
9722,700
9723,550
9724,750
9725,550
9726,750
9727,450
9728,750
9729,750
9730,850
9731,150
9732,900
9733,600
9734,650
9735,650
9736,900
9737,750
9738,950
9739,700
9740,750
9741,850
9742,550
9743,700
9744,900
9745,750
9746,450
9747,850
9748,900
9749,700
9750,750
9751,900
9752,900
9753,900
9754,550
9755,500
9756,450
9757,900
9758,750
9759,750
9760,450
9761,350
9762,750
9763,900
9764,500
9765,350
9766,500
9767,950
9768,700
9769,900
9770,900
9771,700
9772,750
9773,800
9774,650
9775,600
9776,800
9777,900
9778,700
9779,750
9780,800
9781,700
9782,650
9783,500
9784,950
9785,250
9786,800
9787,500
9788,900
9789,450
9790,700
9791,900
9792,700
9793,750
9794,500
9795,700
9796,500
9797,450
9798,650
9799,450
9800,250
9801,400
9802,400
9803,800
9804,700
9805,700
9806,750
9807,500
9808,750
9809,800
9810,650
9811,750
9812,250
9813,650
9814,550
9815,700
9816,600
9817,700
9818,650
9819,750
9820,700
9821,500
9822,900
9823,900
9824,750
9825,850
9826,750
9827,550
9828,500
9829,900
9830,500
9831,900
9832,350
9833,750
9834,900
9835,250
9836,450
9837,700
9838,800
9839,500
9840,200
9841,700
9842,750
9843,850
9844,700
9845,750
9846,800
9847,650
9848,600
9849,350
9850,900
9851,700
9852,800
9853,900
9854,550
9855,150
9856,750
9857,750
9858,900
9859,950
9860,800
9861,950
9862,750
9863,600
9864,400
9865,900
9866,900
9867,700
9868,550
9869,600
9870,750
9871,900
9872,800
9873,550
9874,900
9875,500
9876,650
9877,800
9878,650
9879,450
9880,750
9881,600
9882,700
9883,450
9884,800
9885,950
9886,650
9887,850
9888,900
9889,900
9890,600
9891,750
9892,750
9893,900
9894,900
9895,700
9896,100
9897,750
9898,750
9899,750
9900,650
9901,700
9902,300
9903,250
9904,350
9905,550
9906,900
9907,500
9908,900
9909,500
9910,800
9911,550
9912,800
9913,300
9914,400
9915,450
9916,900
9917,900
9918,800
9919,600
9920,750
9921,750
9922,750
9923,550
9924,650
9925,650
9926,450
9927,400
9928,350
9929,600
9930,650
9931,600
9932,900
9933,800
9934,200
9935,900
9936,450
9937,700
9938,550
9939,450
9940,500
9941,800
9942,700
9943,800
9944,900
9945,400
9946,900
9947,700
9948,250
9949,400
9950,550
9951,200
9952,700
9953,900
9954,750
9955,850
9956,950
9957,300
9958,850
9959,600
9960,550
9961,750
9962,900
9963,500
9964,450
9965,800
9966,350
9967,650
9968,600
9969,500
9970,600
9971,550
9972,800
9973,550
9974,850
9975,600
9976,700
9977,900
9978,650
9979,950
9980,800
9981,900
9982,800
9983,750
9984,900
9985,300
9986,950
9987,900
9988,250
9989,650
9990,550
9991,800
9992,300
9993,700
9994,900
9995,800
9996,700
9997,700
9998,700
9999,900
10000,600
